window_id,percentile,rank,policy_id,policy_name,semantic_score,theta
2,top10%,1,637c6766,reind_637c,0.9928,-4.9936
2,top10%,2,c6739e51,reind_c673,0.85,-5.0
2,top10%,3,64527318,reind_6452,0.8492,-4.9931
2,top10%,4,eeced638,reind_eece,0.8489,-5.0
2,top10%,5,f11f0bb5,reind_f11f,0.8463,-5.0
2,top10%,6,df3d9356,reind_df3d,0.8453,-5.0
2,top10%,7,5c8683b2,reind_5c86,0.8242,-5.0
2,top10%,8,73af656a,reind_73af,0.8043,-5.0
2,top20%,1,637c6766,reind_637c,0.9928,-4.9936
2,top20%,2,c6739e51,reind_c673,0.85,-5.0
2,top20%,3,64527318,reind_6452,0.8492,-4.9931
2,top20%,4,eeced638,reind_eece,0.8489,-5.0
2,top20%,5,f11f0bb5,reind_f11f,0.8463,-5.0
2,top20%,6,df3d9356,reind_df3d,0.8453,-5.0
2,top20%,7,5c8683b2,reind_5c86,0.8242,-5.0
2,top20%,8,73af656a,reind_73af,0.8043,-5.0
2,top20%,9,800234d8,reind_8002,0.7978,-5.0
2,top20%,10,05eed594,reind_fallback,0.7885,-5.0
2,top50%,1,637c6766,reind_637c,0.9928,-4.9936
2,top50%,2,c6739e51,reind_c673,0.85,-5.0
2,top50%,3,64527318,reind_6452,0.8492,-4.9931
2,top50%,4,eeced638,reind_eece,0.8489,-5.0
2,top50%,5,f11f0bb5,reind_f11f,0.8463,-5.0
2,top50%,6,df3d9356,reind_df3d,0.8453,-5.0
2,top50%,7,5c8683b2,reind_5c86,0.8242,-5.0
2,top50%,8,73af656a,reind_73af,0.8043,-5.0
2,top50%,9,800234d8,reind_8002,0.7978,-5.0
2,top50%,10,05eed594,reind_fallback,0.7885,-5.0
2,top60%,1,637c6766,reind_637c,0.9928,-4.9936
2,top60%,2,c6739e51,reind_c673,0.85,-5.0
2,top60%,3,64527318,reind_6452,0.8492,-4.9931
2,top60%,4,eeced638,reind_eece,0.8489,-5.0
2,top60%,5,f11f0bb5,reind_f11f,0.8463,-5.0
2,top60%,6,df3d9356,reind_df3d,0.8453,-5.0
2,top60%,7,5c8683b2,reind_5c86,0.8242,-5.0
2,top60%,8,73af656a,reind_73af,0.8043,-5.0
2,top60%,9,800234d8,reind_8002,0.7978,-5.0
2,top60%,10,05eed594,reind_fallback,0.7885,-5.0
1,top10%,1,637c6766,reind_637c,0.9993,-4.9936
1,top10%,2,eeced638,reind_eece,0.8494,-5.0
1,top10%,3,64527318,reind_6452,0.8425,-4.9931
1,top10%,4,5c8683b2,reind_5c86,0.8393,-5.0
1,top10%,5,f11f0bb5,reind_f11f,0.8359,-5.0
1,top10%,6,df3d9356,reind_df3d,0.834,-5.0
1,top10%,7,05eed594,reind_fallback,0.7885,-5.0
1,top10%,8,73725f6d,reind_7372,0.7881,-5.0
1,top20%,1,637c6766,reind_637c,0.9993,-4.9936
1,top20%,2,eeced638,reind_eece,0.8494,-5.0
1,top20%,3,64527318,reind_6452,0.8425,-4.9931
1,top20%,4,5c8683b2,reind_5c86,0.8393,-5.0
1,top20%,5,f11f0bb5,reind_f11f,0.8359,-5.0
1,top20%,6,df3d9356,reind_df3d,0.834,-5.0
1,top20%,7,05eed594,reind_fallback,0.7885,-5.0
1,top20%,8,73725f6d,reind_7372,0.7881,-5.0
1,top20%,9,73af656a,reind_73af,0.7774,-5.0
1,top20%,10,4f156c9f,reind_fallback,0.7748,-5.0
1,top50%,1,637c6766,reind_637c,0.9993,-4.9936
1,top50%,2,eeced638,reind_eece,0.8494,-5.0
1,top50%,3,64527318,reind_6452,0.8425,-4.9931
1,top50%,4,5c8683b2,reind_5c86,0.8393,-5.0
1,top50%,5,f11f0bb5,reind_f11f,0.8359,-5.0
1,top50%,6,df3d9356,reind_df3d,0.834,-5.0
1,top50%,7,05eed594,reind_fallback,0.7885,-5.0
1,top50%,8,73725f6d,reind_7372,0.7881,-5.0
1,top50%,9,73af656a,reind_73af,0.7774,-5.0
1,top50%,10,4f156c9f,reind_fallback,0.7748,-5.0
1,top60%,1,637c6766,reind_637c,0.9993,-4.9936
1,top60%,2,eeced638,reind_eece,0.8494,-5.0
1,top60%,3,64527318,reind_6452,0.8425,-4.9931
1,top60%,4,5c8683b2,reind_5c86,0.8393,-5.0
1,top60%,5,f11f0bb5,reind_f11f,0.8359,-5.0
1,top60%,6,df3d9356,reind_df3d,0.834,-5.0
1,top60%,7,05eed594,reind_fallback,0.7885,-5.0
1,top60%,8,73725f6d,reind_7372,0.7881,-5.0
1,top60%,9,73af656a,reind_73af,0.7774,-5.0
1,top60%,10,4f156c9f,reind_fallback,0.7748,-5.0
3,top10%,1,5c8683b2,reind_5c86,0.9755,-5.0
3,top10%,2,366289ca,reind_3662,0.9622,-4.9929
3,top10%,3,9cd9b29f,reind_9cd9,0.9546,-4.9923
3,top10%,4,637c6766,reind_637c,0.9466,-4.9936
3,top10%,5,64527318,reind_6452,0.8861,-4.9931
3,top10%,6,c6739e51,reind_c673,0.85,-5.0
3,top10%,7,6215172a,reind_6215,0.8273,-5.0
3,top10%,8,05eed594,reind_fallback,0.7885,-5.0
3,top20%,1,5c8683b2,reind_5c86,0.9755,-5.0
3,top20%,2,366289ca,reind_3662,0.9622,-4.9929
3,top20%,3,9cd9b29f,reind_9cd9,0.9546,-4.9923
3,top20%,4,637c6766,reind_637c,0.9466,-4.9936
3,top20%,5,64527318,reind_6452,0.8861,-4.9931
3,top20%,6,c6739e51,reind_c673,0.85,-5.0
3,top20%,7,6215172a,reind_6215,0.8273,-5.0
3,top20%,8,05eed594,reind_fallback,0.7885,-5.0
3,top20%,9,4f156c9f,reind_fallback,0.7748,-5.0
3,top20%,10,5628d499,reind_fallback,0.7683,-4.993
3,top50%,1,5c8683b2,reind_5c86,0.9755,-5.0
3,top50%,2,366289ca,reind_3662,0.9622,-4.9929
3,top50%,3,9cd9b29f,reind_9cd9,0.9546,-4.9923
3,top50%,4,637c6766,reind_637c,0.9466,-4.9936
3,top50%,5,64527318,reind_6452,0.8861,-4.9931
3,top50%,6,c6739e51,reind_c673,0.85,-5.0
3,top50%,7,6215172a,reind_6215,0.8273,-5.0
3,top50%,8,05eed594,reind_fallback,0.7885,-5.0
3,top50%,9,4f156c9f,reind_fallback,0.7748,-5.0
3,top50%,10,5628d499,reind_fallback,0.7683,-4.993
3,top60%,1,5c8683b2,reind_5c86,0.9755,-5.0
3,top60%,2,366289ca,reind_3662,0.9622,-4.9929
3,top60%,3,9cd9b29f,reind_9cd9,0.9546,-4.9923
3,top60%,4,637c6766,reind_637c,0.9466,-4.9936
3,top60%,5,64527318,reind_6452,0.8861,-4.9931
3,top60%,6,c6739e51,reind_c673,0.85,-5.0
3,top60%,7,6215172a,reind_6215,0.8273,-5.0
3,top60%,8,05eed594,reind_fallback,0.7885,-5.0
3,top60%,9,4f156c9f,reind_fallback,0.7748,-5.0
3,top60%,10,5628d499,reind_fallback,0.7683,-4.993
4,top10%,1,637c6766,reind_637c,1.0,-4.9936
4,top10%,2,f11f0bb5,reind_f11f,0.9806,-5.0
4,top10%,3,c6739e51,reind_c673,0.85,-5.0
4,top10%,4,eeced638,reind_eece,0.8479,-5.0
4,top10%,5,5c8683b2,reind_5c86,0.8432,-5.0
4,top10%,6,64527318,reind_6452,0.8386,-4.9931
4,top10%,7,a5faab0b,reind_a5fa,0.8379,-5.0
4,top10%,8,df3d9356,reind_df3d,0.8284,-5.0
4,top20%,1,637c6766,reind_637c,1.0,-4.9936
4,top20%,2,f11f0bb5,reind_f11f,0.9806,-5.0
4,top20%,3,c6739e51,reind_c673,0.85,-5.0
4,top20%,4,eeced638,reind_eece,0.8479,-5.0
4,top20%,5,5c8683b2,reind_5c86,0.8432,-5.0
4,top20%,6,64527318,reind_6452,0.8386,-4.9931
4,top20%,7,a5faab0b,reind_a5fa,0.8379,-5.0
4,top20%,8,df3d9356,reind_df3d,0.8284,-5.0
4,top20%,9,366289ca,reind_3662,0.8263,-4.9929
4,top20%,10,9cd9b29f,reind_9cd9,0.8122,-4.9923
4,top50%,1,637c6766,reind_637c,1.0,-4.9936
4,top50%,2,f11f0bb5,reind_f11f,0.9806,-5.0
4,top50%,3,c6739e51,reind_c673,0.85,-5.0
4,top50%,4,eeced638,reind_eece,0.8479,-5.0
4,top50%,5,5c8683b2,reind_5c86,0.8432,-5.0
4,top50%,6,64527318,reind_6452,0.8386,-4.9931
4,top50%,7,a5faab0b,reind_a5fa,0.8379,-5.0
4,top50%,8,df3d9356,reind_df3d,0.8284,-5.0
4,top50%,9,366289ca,reind_3662,0.8263,-4.9929
4,top50%,10,9cd9b29f,reind_9cd9,0.8122,-4.9923
4,top60%,1,637c6766,reind_637c,1.0,-4.9936
4,top60%,2,f11f0bb5,reind_f11f,0.9806,-5.0
4,top60%,3,c6739e51,reind_c673,0.85,-5.0
4,top60%,4,eeced638,reind_eece,0.8479,-5.0
4,top60%,5,5c8683b2,reind_5c86,0.8432,-5.0
4,top60%,6,64527318,reind_6452,0.8386,-4.9931
4,top60%,7,a5faab0b,reind_a5fa,0.8379,-5.0
4,top60%,8,df3d9356,reind_df3d,0.8284,-5.0
4,top60%,9,366289ca,reind_3662,0.8263,-4.9929
4,top60%,10,9cd9b29f,reind_9cd9,0.8122,-4.9923
5,top10%,1,637c6766,reind_637c,0.9974,-4.9936
5,top10%,2,f11f0bb5,reind_f11f,0.991,-5.0
5,top10%,3,eeced638,reind_eece,0.85,-5.0
5,top10%,4,c6739e51,reind_c673,0.8496,-5.0
5,top10%,5,64527318,reind_6452,0.8461,-4.9931
5,top10%,6,df3d9356,reind_df3d,0.8394,-5.0
5,top10%,7,5c8683b2,reind_5c86,0.8338,-5.0
5,top10%,8,a5faab0b,reind_a5fa,0.8334,-5.0
5,top20%,1,637c6766,reind_637c,0.9974,-4.9936
5,top20%,2,f11f0bb5,reind_f11f,0.991,-5.0
5,top20%,3,eeced638,reind_eece,0.85,-5.0
5,top20%,4,c6739e51,reind_c673,0.8496,-5.0
5,top20%,5,64527318,reind_6452,0.8461,-4.9931
5,top20%,6,df3d9356,reind_df3d,0.8394,-5.0
5,top20%,7,5c8683b2,reind_5c86,0.8338,-5.0
5,top20%,8,a5faab0b,reind_a5fa,0.8334,-5.0
5,top20%,9,6215172a,reind_6215,0.8261,-5.0
5,top20%,10,a0fcabaf,reind_a0fc,0.8192,-5.0
5,top50%,1,637c6766,reind_637c,0.9974,-4.9936
5,top50%,2,f11f0bb5,reind_f11f,0.991,-5.0
5,top50%,3,eeced638,reind_eece,0.85,-5.0
5,top50%,4,c6739e51,reind_c673,0.8496,-5.0
5,top50%,5,64527318,reind_6452,0.8461,-4.9931
5,top50%,6,df3d9356,reind_df3d,0.8394,-5.0
5,top50%,7,5c8683b2,reind_5c86,0.8338,-5.0
5,top50%,8,a5faab0b,reind_a5fa,0.8334,-5.0
5,top50%,9,6215172a,reind_6215,0.8261,-5.0
5,top50%,10,a0fcabaf,reind_a0fc,0.8192,-5.0
5,top60%,1,637c6766,reind_637c,0.9974,-4.9936
5,top60%,2,f11f0bb5,reind_f11f,0.991,-5.0
5,top60%,3,eeced638,reind_eece,0.85,-5.0
5,top60%,4,c6739e51,reind_c673,0.8496,-5.0
5,top60%,5,64527318,reind_6452,0.8461,-4.9931
5,top60%,6,df3d9356,reind_df3d,0.8394,-5.0
5,top60%,7,5c8683b2,reind_5c86,0.8338,-5.0
5,top60%,8,a5faab0b,reind_a5fa,0.8334,-5.0
5,top60%,9,6215172a,reind_6215,0.8261,-5.0
5,top60%,10,a0fcabaf,reind_a0fc,0.8192,-5.0
6,top10%,1,637c6766,reind_637c,0.999,-4.9936
6,top10%,2,f11f0bb5,reind_f11f,0.987,-5.0
6,top10%,3,a0fcabaf,reind_a0fc,0.9694,-5.0
6,top10%,4,c6739e51,reind_c673,0.8496,-5.0
6,top10%,5,eeced638,reind_eece,0.8496,-5.0
6,top10%,6,64527318,reind_6452,0.8433,-4.9931
6,top10%,7,6215172a,reind_6215,0.84,-5.0
6,top10%,8,5c8683b2,reind_5c86,0.8384,-5.0
6,top20%,1,637c6766,reind_637c,0.999,-4.9936
6,top20%,2,f11f0bb5,reind_f11f,0.987,-5.0
6,top20%,3,a0fcabaf,reind_a0fc,0.9694,-5.0
6,top20%,4,c6739e51,reind_c673,0.8496,-5.0
6,top20%,5,eeced638,reind_eece,0.8496,-5.0
6,top20%,6,64527318,reind_6452,0.8433,-4.9931
6,top20%,7,6215172a,reind_6215,0.84,-5.0
6,top20%,8,5c8683b2,reind_5c86,0.8384,-5.0
6,top20%,9,df3d9356,reind_df3d,0.8351,-5.0
6,top20%,10,a5faab0b,reind_a5fa,0.8332,-5.0
6,top50%,1,637c6766,reind_637c,0.999,-4.9936
6,top50%,2,f11f0bb5,reind_f11f,0.987,-5.0
6,top50%,3,a0fcabaf,reind_a0fc,0.9694,-5.0
6,top50%,4,c6739e51,reind_c673,0.8496,-5.0
6,top50%,5,eeced638,reind_eece,0.8496,-5.0
6,top50%,6,64527318,reind_6452,0.8433,-4.9931
6,top50%,7,6215172a,reind_6215,0.84,-5.0
6,top50%,8,5c8683b2,reind_5c86,0.8384,-5.0
6,top50%,9,df3d9356,reind_df3d,0.8351,-5.0
6,top50%,10,a5faab0b,reind_a5fa,0.8332,-5.0
6,top60%,1,637c6766,reind_637c,0.999,-4.9936
6,top60%,2,f11f0bb5,reind_f11f,0.987,-5.0
6,top60%,3,a0fcabaf,reind_a0fc,0.9694,-5.0
6,top60%,4,c6739e51,reind_c673,0.8496,-5.0
6,top60%,5,eeced638,reind_eece,0.8496,-5.0
6,top60%,6,64527318,reind_6452,0.8433,-4.9931
6,top60%,7,6215172a,reind_6215,0.84,-5.0
6,top60%,8,5c8683b2,reind_5c86,0.8384,-5.0
6,top60%,9,df3d9356,reind_df3d,0.8351,-5.0
6,top60%,10,a5faab0b,reind_a5fa,0.8332,-5.0
7,top10%,1,6215172a,reind_6215,0.9939,-5.0
7,top10%,2,366289ca,reind_3662,0.9851,-4.9929
7,top10%,3,9cd9b29f,reind_9cd9,0.9801,-4.9923
7,top10%,4,a0fcabaf,reind_a0fc,0.9687,-5.0
7,top10%,5,5c8683b2,reind_5c86,0.9479,-5.0
7,top10%,6,637c6766,reind_637c,0.9094,-4.9936
7,top10%,7,c6739e51,reind_c673,0.8497,-5.0
7,top10%,8,9b6a2466,policy_0_9b6a,0.8387,-4.9931
7,top20%,1,6215172a,reind_6215,0.9939,-5.0
7,top20%,2,366289ca,reind_3662,0.9851,-4.9929
7,top20%,3,9cd9b29f,reind_9cd9,0.9801,-4.9923
7,top20%,4,a0fcabaf,reind_a0fc,0.9687,-5.0
7,top20%,5,5c8683b2,reind_5c86,0.9479,-5.0
7,top20%,6,637c6766,reind_637c,0.9094,-4.9936
7,top20%,7,c6739e51,reind_c673,0.8497,-5.0
7,top20%,8,9b6a2466,policy_0_9b6a,0.8387,-4.9931
7,top20%,9,64527318,reind_6452,0.8372,-4.9931
7,top20%,10,a5faab0b,reind_a5fa,0.8338,-5.0
7,top50%,1,6215172a,reind_6215,0.9939,-5.0
7,top50%,2,366289ca,reind_3662,0.9851,-4.9929
7,top50%,3,9cd9b29f,reind_9cd9,0.9801,-4.9923
7,top50%,4,a0fcabaf,reind_a0fc,0.9687,-5.0
7,top50%,5,5c8683b2,reind_5c86,0.9479,-5.0
7,top50%,6,637c6766,reind_637c,0.9094,-4.9936
7,top50%,7,c6739e51,reind_c673,0.8497,-5.0
7,top50%,8,9b6a2466,policy_0_9b6a,0.8387,-4.9931
7,top50%,9,64527318,reind_6452,0.8372,-4.9931
7,top50%,10,a5faab0b,reind_a5fa,0.8338,-5.0
7,top60%,1,6215172a,reind_6215,0.9939,-5.0
7,top60%,2,366289ca,reind_3662,0.9851,-4.9929
7,top60%,3,9cd9b29f,reind_9cd9,0.9801,-4.9923
7,top60%,4,a0fcabaf,reind_a0fc,0.9687,-5.0
7,top60%,5,5c8683b2,reind_5c86,0.9479,-5.0
7,top60%,6,637c6766,reind_637c,0.9094,-4.9936
7,top60%,7,c6739e51,reind_c673,0.8497,-5.0
7,top60%,8,9b6a2466,policy_0_9b6a,0.8387,-4.9931
7,top60%,9,64527318,reind_6452,0.8372,-4.9931
7,top60%,10,a5faab0b,reind_a5fa,0.8338,-5.0
8,top10%,1,6215172a,reind_6215,0.999,-5.0
8,top10%,2,366289ca,reind_3662,0.9943,-4.9929
8,top10%,3,9b6a2466,policy_0_9b6a,0.9927,-4.9931
8,top10%,4,9cd9b29f,reind_9cd9,0.991,-4.9923
8,top10%,5,a0fcabaf,reind_a0fc,0.9611,-5.0
8,top10%,6,8231da93,reind_8231,0.9559,-4.9926
8,top10%,7,5c8683b2,reind_5c86,0.9257,-5.0
8,top10%,8,637c6766,reind_637c,0.8816,-4.9936
8,top20%,1,6215172a,reind_6215,0.999,-5.0
8,top20%,2,366289ca,reind_3662,0.9943,-4.9929
8,top20%,3,9b6a2466,policy_0_9b6a,0.9927,-4.9931
8,top20%,4,9cd9b29f,reind_9cd9,0.991,-4.9923
8,top20%,5,a0fcabaf,reind_a0fc,0.9611,-5.0
8,top20%,6,8231da93,reind_8231,0.9559,-4.9926
8,top20%,7,5c8683b2,reind_5c86,0.9257,-5.0
8,top20%,8,637c6766,reind_637c,0.8816,-4.9936
8,top20%,9,c6739e51,reind_c673,0.85,-5.0
8,top20%,10,abaa97aa,reind_abaa,0.848,-5.0
8,top50%,1,6215172a,reind_6215,0.999,-5.0
8,top50%,2,366289ca,reind_3662,0.9943,-4.9929
8,top50%,3,9b6a2466,policy_0_9b6a,0.9927,-4.9931
8,top50%,4,9cd9b29f,reind_9cd9,0.991,-4.9923
8,top50%,5,a0fcabaf,reind_a0fc,0.9611,-5.0
8,top50%,6,8231da93,reind_8231,0.9559,-4.9926
8,top50%,7,5c8683b2,reind_5c86,0.9257,-5.0
8,top50%,8,637c6766,reind_637c,0.8816,-4.9936
8,top50%,9,c6739e51,reind_c673,0.85,-5.0
8,top50%,10,abaa97aa,reind_abaa,0.848,-5.0
8,top60%,1,6215172a,reind_6215,0.999,-5.0
8,top60%,2,366289ca,reind_3662,0.9943,-4.9929
8,top60%,3,9b6a2466,policy_0_9b6a,0.9927,-4.9931
8,top60%,4,9cd9b29f,reind_9cd9,0.991,-4.9923
8,top60%,5,a0fcabaf,reind_a0fc,0.9611,-5.0
8,top60%,6,8231da93,reind_8231,0.9559,-4.9926
8,top60%,7,5c8683b2,reind_5c86,0.9257,-5.0
8,top60%,8,637c6766,reind_637c,0.8816,-4.9936
8,top60%,9,c6739e51,reind_c673,0.85,-5.0
8,top60%,10,abaa97aa,reind_abaa,0.848,-5.0
10,top10%,1,6215172a,reind_6215,0.9992,-5.0
10,top10%,2,a5faab0b,reind_a5fa,0.999,-5.0
10,top10%,3,1999ea44,reind_1999,0.9982,-5.0
10,top10%,4,9b6a2466,policy_0_9b6a,0.9973,-4.9931
10,top10%,5,366289ca,reind_3662,0.9946,-4.9929
10,top10%,6,9cd9b29f,reind_9cd9,0.9914,-4.9923
10,top10%,7,c6739e51,reind_c673,0.9801,-5.0
10,top10%,8,5c8683b2,reind_5c86,0.9244,-5.0
10,top20%,1,6215172a,reind_6215,0.9992,-5.0
10,top20%,2,a5faab0b,reind_a5fa,0.999,-5.0
10,top20%,3,1999ea44,reind_1999,0.9982,-5.0
10,top20%,4,9b6a2466,policy_0_9b6a,0.9973,-4.9931
10,top20%,5,366289ca,reind_3662,0.9946,-4.9929
10,top20%,6,9cd9b29f,reind_9cd9,0.9914,-4.9923
10,top20%,7,c6739e51,reind_c673,0.9801,-5.0
10,top20%,8,5c8683b2,reind_5c86,0.9244,-5.0
10,top20%,9,a0fcabaf,reind_a0fc,0.8922,-5.0
10,top20%,10,8231da93,reind_8231,0.8841,-4.9926
10,top50%,1,6215172a,reind_6215,0.9992,-5.0
10,top50%,2,a5faab0b,reind_a5fa,0.999,-5.0
10,top50%,3,1999ea44,reind_1999,0.9982,-5.0
10,top50%,4,9b6a2466,policy_0_9b6a,0.9973,-4.9931
10,top50%,5,366289ca,reind_3662,0.9946,-4.9929
10,top50%,6,9cd9b29f,reind_9cd9,0.9914,-4.9923
10,top50%,7,c6739e51,reind_c673,0.9801,-5.0
10,top50%,8,5c8683b2,reind_5c86,0.9244,-5.0
10,top50%,9,a0fcabaf,reind_a0fc,0.8922,-5.0
10,top50%,10,8231da93,reind_8231,0.8841,-4.9926
10,top60%,1,6215172a,reind_6215,0.9992,-5.0
10,top60%,2,a5faab0b,reind_a5fa,0.999,-5.0
10,top60%,3,1999ea44,reind_1999,0.9982,-5.0
10,top60%,4,9b6a2466,policy_0_9b6a,0.9973,-4.9931
10,top60%,5,366289ca,reind_3662,0.9946,-4.9929
10,top60%,6,9cd9b29f,reind_9cd9,0.9914,-4.9923
10,top60%,7,c6739e51,reind_c673,0.9801,-5.0
10,top60%,8,5c8683b2,reind_5c86,0.9244,-5.0
10,top60%,9,a0fcabaf,reind_a0fc,0.8922,-5.0
10,top60%,10,8231da93,reind_8231,0.8841,-4.9926
12,top10%,1,366289ca,reind_3662,0.9996,-4.9929
12,top10%,2,1999ea44,reind_1999,0.9995,-5.0
12,top10%,3,6215172a,reind_6215,0.9994,-5.0
12,top10%,4,9cd9b29f,reind_9cd9,0.9985,-4.9923
12,top10%,5,a5faab0b,reind_a5fa,0.9906,-5.0
12,top10%,6,9b6a2466,policy_0_9b6a,0.9861,-4.9931
12,top10%,7,c6739e51,reind_c673,0.9578,-5.0
12,top10%,8,5c8683b2,reind_5c86,0.8943,-5.0
12,top20%,1,366289ca,reind_3662,0.9996,-4.9929
12,top20%,2,1999ea44,reind_1999,0.9995,-5.0
12,top20%,3,6215172a,reind_6215,0.9994,-5.0
12,top20%,4,9cd9b29f,reind_9cd9,0.9985,-4.9923
12,top20%,5,a5faab0b,reind_a5fa,0.9906,-5.0
12,top20%,6,9b6a2466,policy_0_9b6a,0.9861,-4.9931
12,top20%,7,c6739e51,reind_c673,0.9578,-5.0
12,top20%,8,5c8683b2,reind_5c86,0.8943,-5.0
12,top20%,9,a0fcabaf,reind_a0fc,0.8495,-5.0
12,top20%,10,6d57537a,reind_6d57,0.8491,-5.0
12,top50%,1,366289ca,reind_3662,0.9996,-4.9929
12,top50%,2,1999ea44,reind_1999,0.9995,-5.0
12,top50%,3,6215172a,reind_6215,0.9994,-5.0
12,top50%,4,9cd9b29f,reind_9cd9,0.9985,-4.9923
12,top50%,5,a5faab0b,reind_a5fa,0.9906,-5.0
12,top50%,6,9b6a2466,policy_0_9b6a,0.9861,-4.9931
12,top50%,7,c6739e51,reind_c673,0.9578,-5.0
12,top50%,8,5c8683b2,reind_5c86,0.8943,-5.0
12,top50%,9,a0fcabaf,reind_a0fc,0.8495,-5.0
12,top50%,10,6d57537a,reind_6d57,0.8491,-5.0
12,top60%,1,366289ca,reind_3662,0.9996,-4.9929
12,top60%,2,1999ea44,reind_1999,0.9995,-5.0
12,top60%,3,6215172a,reind_6215,0.9994,-5.0
12,top60%,4,9cd9b29f,reind_9cd9,0.9985,-4.9923
12,top60%,5,a5faab0b,reind_a5fa,0.9906,-5.0
12,top60%,6,9b6a2466,policy_0_9b6a,0.9861,-4.9931
12,top60%,7,c6739e51,reind_c673,0.9578,-5.0
12,top60%,8,5c8683b2,reind_5c86,0.8943,-5.0
12,top60%,9,a0fcabaf,reind_a0fc,0.8495,-5.0
12,top60%,10,6d57537a,reind_6d57,0.8491,-5.0
9,top10%,1,9b6a2466,policy_0_9b6a,0.9994,-4.9931
9,top10%,2,a5faab0b,reind_a5fa,0.9979,-5.0
9,top10%,3,c6739e51,reind_c673,0.9959,-5.0
9,top10%,4,6215172a,reind_6215,0.9932,-5.0
9,top10%,5,366289ca,reind_3662,0.984,-4.9929
9,top10%,6,9cd9b29f,reind_9cd9,0.9788,-4.9923
9,top10%,7,5c8683b2,reind_5c86,0.9499,-5.0
9,top10%,8,a0fcabaf,reind_a0fc,0.9346,-5.0
9,top20%,1,9b6a2466,policy_0_9b6a,0.9994,-4.9931
9,top20%,2,a5faab0b,reind_a5fa,0.9979,-5.0
9,top20%,3,c6739e51,reind_c673,0.9959,-5.0
9,top20%,4,6215172a,reind_6215,0.9932,-5.0
9,top20%,5,366289ca,reind_3662,0.984,-4.9929
9,top20%,6,9cd9b29f,reind_9cd9,0.9788,-4.9923
9,top20%,7,5c8683b2,reind_5c86,0.9499,-5.0
9,top20%,8,a0fcabaf,reind_a0fc,0.9346,-5.0
9,top20%,9,8231da93,reind_8231,0.928,-4.9926
9,top20%,10,9ab1ea3b,reind_9ab1,0.9233,-5.0
9,top50%,1,9b6a2466,policy_0_9b6a,0.9994,-4.9931
9,top50%,2,a5faab0b,reind_a5fa,0.9979,-5.0
9,top50%,3,c6739e51,reind_c673,0.9959,-5.0
9,top50%,4,6215172a,reind_6215,0.9932,-5.0
9,top50%,5,366289ca,reind_3662,0.984,-4.9929
9,top50%,6,9cd9b29f,reind_9cd9,0.9788,-4.9923
9,top50%,7,5c8683b2,reind_5c86,0.9499,-5.0
9,top50%,8,a0fcabaf,reind_a0fc,0.9346,-5.0
9,top50%,9,8231da93,reind_8231,0.928,-4.9926
9,top50%,10,9ab1ea3b,reind_9ab1,0.9233,-5.0
9,top60%,1,9b6a2466,policy_0_9b6a,0.9994,-4.9931
9,top60%,2,a5faab0b,reind_a5fa,0.9979,-5.0
9,top60%,3,c6739e51,reind_c673,0.9959,-5.0
9,top60%,4,6215172a,reind_6215,0.9932,-5.0
9,top60%,5,366289ca,reind_3662,0.984,-4.9929
9,top60%,6,9cd9b29f,reind_9cd9,0.9788,-4.9923
9,top60%,7,5c8683b2,reind_5c86,0.9499,-5.0
9,top60%,8,a0fcabaf,reind_a0fc,0.9346,-5.0
9,top60%,9,8231da93,reind_8231,0.928,-4.9926
9,top60%,10,9ab1ea3b,reind_9ab1,0.9233,-5.0
11,top10%,1,366289ca,reind_3662,0.9999,-4.9929
11,top10%,2,9cd9b29f,reind_9cd9,0.9991,-4.9923
11,top10%,3,6215172a,reind_6215,0.9989,-5.0
11,top10%,4,1999ea44,reind_1999,0.9712,-5.0
11,top10%,5,a5faab0b,reind_a5fa,0.9418,-5.0
11,top10%,6,9b6a2466,policy_0_9b6a,0.9316,-4.9931
11,top10%,7,d85e5094,reind_d85e,0.9081,-5.0
11,top10%,8,5c8683b2,reind_5c86,0.8888,-5.0
11,top20%,1,366289ca,reind_3662,0.9999,-4.9929
11,top20%,2,9cd9b29f,reind_9cd9,0.9991,-4.9923
11,top20%,3,6215172a,reind_6215,0.9989,-5.0
11,top20%,4,1999ea44,reind_1999,0.9712,-5.0
11,top20%,5,a5faab0b,reind_a5fa,0.9418,-5.0
11,top20%,6,9b6a2466,policy_0_9b6a,0.9316,-4.9931
11,top20%,7,d85e5094,reind_d85e,0.9081,-5.0
11,top20%,8,5c8683b2,reind_5c86,0.8888,-5.0
11,top20%,9,c6739e51,reind_c673,0.8812,-5.0
11,top20%,10,0ed67059,reind_0ed6,0.8494,-5.0
11,top50%,1,366289ca,reind_3662,0.9999,-4.9929
11,top50%,2,9cd9b29f,reind_9cd9,0.9991,-4.9923
11,top50%,3,6215172a,reind_6215,0.9989,-5.0
11,top50%,4,1999ea44,reind_1999,0.9712,-5.0
11,top50%,5,a5faab0b,reind_a5fa,0.9418,-5.0
11,top50%,6,9b6a2466,policy_0_9b6a,0.9316,-4.9931
11,top50%,7,d85e5094,reind_d85e,0.9081,-5.0
11,top50%,8,5c8683b2,reind_5c86,0.8888,-5.0
11,top50%,9,c6739e51,reind_c673,0.8812,-5.0
11,top50%,10,0ed67059,reind_0ed6,0.8494,-5.0
11,top60%,1,366289ca,reind_3662,0.9999,-4.9929
11,top60%,2,9cd9b29f,reind_9cd9,0.9991,-4.9923
11,top60%,3,6215172a,reind_6215,0.9989,-5.0
11,top60%,4,1999ea44,reind_1999,0.9712,-5.0
11,top60%,5,a5faab0b,reind_a5fa,0.9418,-5.0
11,top60%,6,9b6a2466,policy_0_9b6a,0.9316,-4.9931
11,top60%,7,d85e5094,reind_d85e,0.9081,-5.0
11,top60%,8,5c8683b2,reind_5c86,0.8888,-5.0
11,top60%,9,c6739e51,reind_c673,0.8812,-5.0
11,top60%,10,0ed67059,reind_0ed6,0.8494,-5.0
15,top10%,1,9b6a2466,policy_0_9b6a,0.9995,-4.9931
15,top10%,2,a0fcabaf,reind_a0fc,0.9334,-5.0
15,top10%,3,8231da93,reind_8231,0.9268,-4.9926
15,top10%,4,5c8683b2,reind_5c86,0.8869,-5.0
15,top10%,5,3462cfab,reind_3462,0.8508,-5.0
15,top10%,6,366289ca,reind_3662,0.8499,-4.9929
15,top10%,7,9cd9b29f,reind_9cd9,0.8493,-4.9923
15,top10%,8,6215172a,reind_6215,0.8486,-5.0
15,top20%,1,9b6a2466,policy_0_9b6a,0.9995,-4.9931
15,top20%,2,a0fcabaf,reind_a0fc,0.9334,-5.0
15,top20%,3,8231da93,reind_8231,0.9268,-4.9926
15,top20%,4,5c8683b2,reind_5c86,0.8869,-5.0
15,top20%,5,3462cfab,reind_3462,0.8508,-5.0
15,top20%,6,366289ca,reind_3662,0.8499,-4.9929
15,top20%,7,9cd9b29f,reind_9cd9,0.8493,-4.9923
15,top20%,8,6215172a,reind_6215,0.8486,-5.0
15,top20%,9,a5faab0b,reind_a5fa,0.8481,-5.0
15,top20%,10,c6739e51,reind_c673,0.8456,-5.0
15,top50%,1,9b6a2466,policy_0_9b6a,0.9995,-4.9931
15,top50%,2,a0fcabaf,reind_a0fc,0.9334,-5.0
15,top50%,3,8231da93,reind_8231,0.9268,-4.9926
15,top50%,4,5c8683b2,reind_5c86,0.8869,-5.0
15,top50%,5,3462cfab,reind_3462,0.8508,-5.0
15,top50%,6,366289ca,reind_3662,0.8499,-4.9929
15,top50%,7,9cd9b29f,reind_9cd9,0.8493,-4.9923
15,top50%,8,6215172a,reind_6215,0.8486,-5.0
15,top50%,9,a5faab0b,reind_a5fa,0.8481,-5.0
15,top50%,10,c6739e51,reind_c673,0.8456,-5.0
15,top60%,1,9b6a2466,policy_0_9b6a,0.9995,-4.9931
15,top60%,2,a0fcabaf,reind_a0fc,0.9334,-5.0
15,top60%,3,8231da93,reind_8231,0.9268,-4.9926
15,top60%,4,5c8683b2,reind_5c86,0.8869,-5.0
15,top60%,5,3462cfab,reind_3462,0.8508,-5.0
15,top60%,6,366289ca,reind_3662,0.8499,-4.9929
15,top60%,7,9cd9b29f,reind_9cd9,0.8493,-4.9923
15,top60%,8,6215172a,reind_6215,0.8486,-5.0
15,top60%,9,a5faab0b,reind_a5fa,0.8481,-5.0
15,top60%,10,c6739e51,reind_c673,0.8456,-5.0
16,top10%,1,366289ca,reind_3662,0.9989,-4.9929
16,top10%,2,9b6a2466,policy_0_9b6a,0.9981,-4.9931
16,top10%,3,a0fcabaf,reind_a0fc,0.9433,-5.0
16,top10%,4,8231da93,reind_8231,0.9371,-4.9926
16,top10%,5,5c8683b2,reind_5c86,0.9022,-5.0
16,top10%,6,3462cfab,reind_3462,0.8647,-5.0
16,top10%,7,637c6766,reind_637c,0.8537,-4.9936
16,top10%,8,6215172a,reind_6215,0.8499,-5.0
16,top20%,1,366289ca,reind_3662,0.9989,-4.9929
16,top20%,2,9b6a2466,policy_0_9b6a,0.9981,-4.9931
16,top20%,3,a0fcabaf,reind_a0fc,0.9433,-5.0
16,top20%,4,8231da93,reind_8231,0.9371,-4.9926
16,top20%,5,5c8683b2,reind_5c86,0.9022,-5.0
16,top20%,6,3462cfab,reind_3462,0.8647,-5.0
16,top20%,7,637c6766,reind_637c,0.8537,-4.9936
16,top20%,8,6215172a,reind_6215,0.8499,-5.0
16,top20%,9,c6739e51,reind_c673,0.8479,-5.0
16,top20%,10,9cd9b29f,reind_9cd9,0.8473,-4.9923
16,top50%,1,366289ca,reind_3662,0.9989,-4.9929
16,top50%,2,9b6a2466,policy_0_9b6a,0.9981,-4.9931
16,top50%,3,a0fcabaf,reind_a0fc,0.9433,-5.0
16,top50%,4,8231da93,reind_8231,0.9371,-4.9926
16,top50%,5,5c8683b2,reind_5c86,0.9022,-5.0
16,top50%,6,3462cfab,reind_3462,0.8647,-5.0
16,top50%,7,637c6766,reind_637c,0.8537,-4.9936
16,top50%,8,6215172a,reind_6215,0.8499,-5.0
16,top50%,9,c6739e51,reind_c673,0.8479,-5.0
16,top50%,10,9cd9b29f,reind_9cd9,0.8473,-4.9923
16,top60%,1,366289ca,reind_3662,0.9989,-4.9929
16,top60%,2,9b6a2466,policy_0_9b6a,0.9981,-4.9931
16,top60%,3,a0fcabaf,reind_a0fc,0.9433,-5.0
16,top60%,4,8231da93,reind_8231,0.9371,-4.9926
16,top60%,5,5c8683b2,reind_5c86,0.9022,-5.0
16,top60%,6,3462cfab,reind_3462,0.8647,-5.0
16,top60%,7,637c6766,reind_637c,0.8537,-4.9936
16,top60%,8,6215172a,reind_6215,0.8499,-5.0
16,top60%,9,c6739e51,reind_c673,0.8479,-5.0
16,top60%,10,9cd9b29f,reind_9cd9,0.8473,-4.9923
14,top10%,1,366289ca,reind_3662,0.9999,-4.9929
14,top10%,2,9b6a2466,policy_0_9b6a,0.9991,-4.9931
14,top10%,3,a5faab0b,reind_a5fa,0.9974,-5.0
14,top10%,4,c6739e51,reind_c673,0.9965,-5.0
14,top10%,5,a0fcabaf,reind_a0fc,0.9368,-5.0
14,top10%,6,8231da93,reind_8231,0.9303,-4.9926
14,top10%,7,5c8683b2,reind_5c86,0.8876,-5.0
14,top10%,8,3462cfab,reind_3462,0.8555,-5.0
14,top20%,1,366289ca,reind_3662,0.9999,-4.9929
14,top20%,2,9b6a2466,policy_0_9b6a,0.9991,-4.9931
14,top20%,3,a5faab0b,reind_a5fa,0.9974,-5.0
14,top20%,4,c6739e51,reind_c673,0.9965,-5.0
14,top20%,5,a0fcabaf,reind_a0fc,0.9368,-5.0
14,top20%,6,8231da93,reind_8231,0.9303,-4.9926
14,top20%,7,5c8683b2,reind_5c86,0.8876,-5.0
14,top20%,8,3462cfab,reind_3462,0.8555,-5.0
14,top20%,9,9cd9b29f,reind_9cd9,0.8492,-4.9923
14,top20%,10,6215172a,reind_6215,0.8487,-5.0
14,top50%,1,366289ca,reind_3662,0.9999,-4.9929
14,top50%,2,9b6a2466,policy_0_9b6a,0.9991,-4.9931
14,top50%,3,a5faab0b,reind_a5fa,0.9974,-5.0
14,top50%,4,c6739e51,reind_c673,0.9965,-5.0
14,top50%,5,a0fcabaf,reind_a0fc,0.9368,-5.0
14,top50%,6,8231da93,reind_8231,0.9303,-4.9926
14,top50%,7,5c8683b2,reind_5c86,0.8876,-5.0
14,top50%,8,3462cfab,reind_3462,0.8555,-5.0
14,top50%,9,9cd9b29f,reind_9cd9,0.8492,-4.9923
14,top50%,10,6215172a,reind_6215,0.8487,-5.0
14,top60%,1,366289ca,reind_3662,0.9999,-4.9929
14,top60%,2,9b6a2466,policy_0_9b6a,0.9991,-4.9931
14,top60%,3,a5faab0b,reind_a5fa,0.9974,-5.0
14,top60%,4,c6739e51,reind_c673,0.9965,-5.0
14,top60%,5,a0fcabaf,reind_a0fc,0.9368,-5.0
14,top60%,6,8231da93,reind_8231,0.9303,-4.9926
14,top60%,7,5c8683b2,reind_5c86,0.8876,-5.0
14,top60%,8,3462cfab,reind_3462,0.8555,-5.0
14,top60%,9,9cd9b29f,reind_9cd9,0.8492,-4.9923
14,top60%,10,6215172a,reind_6215,0.8487,-5.0
13,top10%,1,366289ca,reind_3662,0.9999,-4.9929
13,top10%,2,a5faab0b,reind_a5fa,0.9996,-5.0
13,top10%,3,9cd9b29f,reind_9cd9,0.9991,-4.9923
13,top10%,4,6215172a,reind_6215,0.9988,-5.0
13,top10%,5,9b6a2466,policy_0_9b6a,0.9983,-4.9931
13,top10%,6,1999ea44,reind_1999,0.9971,-5.0
13,top10%,7,c6739e51,reind_c673,0.9832,-5.0
13,top10%,8,a0fcabaf,reind_a0fc,0.8991,-5.0
13,top20%,1,366289ca,reind_3662,0.9999,-4.9929
13,top20%,2,a5faab0b,reind_a5fa,0.9996,-5.0
13,top20%,3,9cd9b29f,reind_9cd9,0.9991,-4.9923
13,top20%,4,6215172a,reind_6215,0.9988,-5.0
13,top20%,5,9b6a2466,policy_0_9b6a,0.9983,-4.9931
13,top20%,6,1999ea44,reind_1999,0.9971,-5.0
13,top20%,7,c6739e51,reind_c673,0.9832,-5.0
13,top20%,8,a0fcabaf,reind_a0fc,0.8991,-5.0
13,top20%,9,8231da93,reind_8231,0.8912,-4.9926
13,top20%,10,5c8683b2,reind_5c86,0.8888,-5.0
13,top50%,1,366289ca,reind_3662,0.9999,-4.9929
13,top50%,2,a5faab0b,reind_a5fa,0.9996,-5.0
13,top50%,3,9cd9b29f,reind_9cd9,0.9991,-4.9923
13,top50%,4,6215172a,reind_6215,0.9988,-5.0
13,top50%,5,9b6a2466,policy_0_9b6a,0.9983,-4.9931
13,top50%,6,1999ea44,reind_1999,0.9971,-5.0
13,top50%,7,c6739e51,reind_c673,0.9832,-5.0
13,top50%,8,a0fcabaf,reind_a0fc,0.8991,-5.0
13,top50%,9,8231da93,reind_8231,0.8912,-4.9926
13,top50%,10,5c8683b2,reind_5c86,0.8888,-5.0
13,top60%,1,366289ca,reind_3662,0.9999,-4.9929
13,top60%,2,a5faab0b,reind_a5fa,0.9996,-5.0
13,top60%,3,9cd9b29f,reind_9cd9,0.9991,-4.9923
13,top60%,4,6215172a,reind_6215,0.9988,-5.0
13,top60%,5,9b6a2466,policy_0_9b6a,0.9983,-4.9931
13,top60%,6,1999ea44,reind_1999,0.9971,-5.0
13,top60%,7,c6739e51,reind_c673,0.9832,-5.0
13,top60%,8,a0fcabaf,reind_a0fc,0.8991,-5.0
13,top60%,9,8231da93,reind_8231,0.8912,-4.9926
13,top60%,10,5c8683b2,reind_5c86,0.8888,-5.0
19,top10%,1,a0fcabaf,reind_a0fc,0.9408,-5.0
19,top10%,2,5c8683b2,reind_5c86,0.8983,-5.0
19,top10%,3,6215172a,reind_6215,0.8497,-5.0
19,top10%,4,366289ca,reind_3662,0.8493,-4.9929
19,top10%,5,9cd9b29f,reind_9cd9,0.8479,-4.9923
19,top10%,6,c6739e51,reind_c673,0.8474,-5.0
19,top10%,7,a5faab0b,reind_a5fa,0.8465,-5.0
19,top10%,8,c190390d,reind_c190,0.8366,-5.0
19,top20%,1,a0fcabaf,reind_a0fc,0.9408,-5.0
19,top20%,2,5c8683b2,reind_5c86,0.8983,-5.0
19,top20%,3,6215172a,reind_6215,0.8497,-5.0
19,top20%,4,366289ca,reind_3662,0.8493,-4.9929
19,top20%,5,9cd9b29f,reind_9cd9,0.8479,-4.9923
19,top20%,6,c6739e51,reind_c673,0.8474,-5.0
19,top20%,7,a5faab0b,reind_a5fa,0.8465,-5.0
19,top20%,8,c190390d,reind_c190,0.8366,-5.0
19,top20%,9,ae5b5760,reind_ae5b,0.8351,-5.0
19,top20%,10,1999ea44,reind_1999,0.8324,-5.0
19,top50%,1,a0fcabaf,reind_a0fc,0.9408,-5.0
19,top50%,2,5c8683b2,reind_5c86,0.8983,-5.0
19,top50%,3,6215172a,reind_6215,0.8497,-5.0
19,top50%,4,366289ca,reind_3662,0.8493,-4.9929
19,top50%,5,9cd9b29f,reind_9cd9,0.8479,-4.9923
19,top50%,6,c6739e51,reind_c673,0.8474,-5.0
19,top50%,7,a5faab0b,reind_a5fa,0.8465,-5.0
19,top50%,8,c190390d,reind_c190,0.8366,-5.0
19,top50%,9,ae5b5760,reind_ae5b,0.8351,-5.0
19,top50%,10,1999ea44,reind_1999,0.8324,-5.0
19,top60%,1,a0fcabaf,reind_a0fc,0.9408,-5.0
19,top60%,2,5c8683b2,reind_5c86,0.8983,-5.0
19,top60%,3,6215172a,reind_6215,0.8497,-5.0
19,top60%,4,366289ca,reind_3662,0.8493,-4.9929
19,top60%,5,9cd9b29f,reind_9cd9,0.8479,-4.9923
19,top60%,6,c6739e51,reind_c673,0.8474,-5.0
19,top60%,7,a5faab0b,reind_a5fa,0.8465,-5.0
19,top60%,8,c190390d,reind_c190,0.8366,-5.0
19,top60%,9,ae5b5760,reind_ae5b,0.8351,-5.0
19,top60%,10,1999ea44,reind_1999,0.8324,-5.0
18,top10%,1,a0fcabaf,reind_a0fc,0.9373,-5.0
18,top10%,2,5c8683b2,reind_5c86,0.8783,-5.0
18,top10%,3,366289ca,reind_3662,0.85,-4.9929
18,top10%,4,9cd9b29f,reind_9cd9,0.8498,-4.9923
18,top10%,5,9b6a2466,policy_0_9b6a,0.8491,-4.9931
18,top10%,6,6215172a,reind_6215,0.8474,-5.0
18,top10%,7,a5faab0b,reind_a5fa,0.8473,-5.0
18,top10%,8,c6739e51,reind_c673,0.8466,-5.0
18,top20%,1,a0fcabaf,reind_a0fc,0.9373,-5.0
18,top20%,2,5c8683b2,reind_5c86,0.8783,-5.0
18,top20%,3,366289ca,reind_3662,0.85,-4.9929
18,top20%,4,9cd9b29f,reind_9cd9,0.8498,-4.9923
18,top20%,5,9b6a2466,policy_0_9b6a,0.8491,-4.9931
18,top20%,6,6215172a,reind_6215,0.8474,-5.0
18,top20%,7,a5faab0b,reind_a5fa,0.8473,-5.0
18,top20%,8,c6739e51,reind_c673,0.8466,-5.0
18,top20%,9,c190390d,reind_c190,0.8383,-5.0
18,top20%,10,ae5b5760,reind_ae5b,0.8368,-5.0
18,top50%,1,a0fcabaf,reind_a0fc,0.9373,-5.0
18,top50%,2,5c8683b2,reind_5c86,0.8783,-5.0
18,top50%,3,366289ca,reind_3662,0.85,-4.9929
18,top50%,4,9cd9b29f,reind_9cd9,0.8498,-4.9923
18,top50%,5,9b6a2466,policy_0_9b6a,0.8491,-4.9931
18,top50%,6,6215172a,reind_6215,0.8474,-5.0
18,top50%,7,a5faab0b,reind_a5fa,0.8473,-5.0
18,top50%,8,c6739e51,reind_c673,0.8466,-5.0
18,top50%,9,c190390d,reind_c190,0.8383,-5.0
18,top50%,10,ae5b5760,reind_ae5b,0.8368,-5.0
18,top60%,1,a0fcabaf,reind_a0fc,0.9373,-5.0
18,top60%,2,5c8683b2,reind_5c86,0.8783,-5.0
18,top60%,3,366289ca,reind_3662,0.85,-4.9929
18,top60%,4,9cd9b29f,reind_9cd9,0.8498,-4.9923
18,top60%,5,9b6a2466,policy_0_9b6a,0.8491,-4.9931
18,top60%,6,6215172a,reind_6215,0.8474,-5.0
18,top60%,7,a5faab0b,reind_a5fa,0.8473,-5.0
18,top60%,8,c6739e51,reind_c673,0.8466,-5.0
18,top60%,9,c190390d,reind_c190,0.8383,-5.0
18,top60%,10,ae5b5760,reind_ae5b,0.8368,-5.0
20,top10%,1,5c8683b2,reind_5c86,0.8843,-5.0
20,top10%,2,366289ca,reind_3662,0.85,-4.9929
20,top10%,3,9cd9b29f,reind_9cd9,0.8495,-4.9923
20,top10%,4,a5faab0b,reind_a5fa,0.8484,-5.0
20,top10%,5,c6739e51,reind_c673,0.845,-5.0
20,top10%,6,ae5b5760,reind_ae5b,0.8394,-5.0
20,top10%,7,1999ea44,reind_1999,0.8372,-5.0
20,top10%,8,05eed594,reind_fallback,0.7885,-5.0
20,top20%,1,5c8683b2,reind_5c86,0.8843,-5.0
20,top20%,2,366289ca,reind_3662,0.85,-4.9929
20,top20%,3,9cd9b29f,reind_9cd9,0.8495,-4.9923
20,top20%,4,a5faab0b,reind_a5fa,0.8484,-5.0
20,top20%,5,c6739e51,reind_c673,0.845,-5.0
20,top20%,6,ae5b5760,reind_ae5b,0.8394,-5.0
20,top20%,7,1999ea44,reind_1999,0.8372,-5.0
20,top20%,8,05eed594,reind_fallback,0.7885,-5.0
20,top20%,9,77b961ff,reind_77b9,0.7881,-4.9889
20,top20%,10,a0fcabaf,reind_a0fc,0.7814,-5.0
20,top50%,1,5c8683b2,reind_5c86,0.8843,-5.0
20,top50%,2,366289ca,reind_3662,0.85,-4.9929
20,top50%,3,9cd9b29f,reind_9cd9,0.8495,-4.9923
20,top50%,4,a5faab0b,reind_a5fa,0.8484,-5.0
20,top50%,5,c6739e51,reind_c673,0.845,-5.0
20,top50%,6,ae5b5760,reind_ae5b,0.8394,-5.0
20,top50%,7,1999ea44,reind_1999,0.8372,-5.0
20,top50%,8,05eed594,reind_fallback,0.7885,-5.0
20,top50%,9,77b961ff,reind_77b9,0.7881,-4.9889
20,top50%,10,a0fcabaf,reind_a0fc,0.7814,-5.0
20,top60%,1,5c8683b2,reind_5c86,0.8843,-5.0
20,top60%,2,366289ca,reind_3662,0.85,-4.9929
20,top60%,3,9cd9b29f,reind_9cd9,0.8495,-4.9923
20,top60%,4,a5faab0b,reind_a5fa,0.8484,-5.0
20,top60%,5,c6739e51,reind_c673,0.845,-5.0
20,top60%,6,ae5b5760,reind_ae5b,0.8394,-5.0
20,top60%,7,1999ea44,reind_1999,0.8372,-5.0
20,top60%,8,05eed594,reind_fallback,0.7885,-5.0
20,top60%,9,77b961ff,reind_77b9,0.7881,-4.9889
20,top60%,10,a0fcabaf,reind_a0fc,0.7814,-5.0
17,top10%,1,6215172a,reind_6215,0.9992,-5.0
17,top10%,2,366289ca,reind_3662,0.9948,-4.9929
17,top10%,3,9cd9b29f,reind_9cd9,0.9916,-4.9923
17,top10%,4,a0fcabaf,reind_a0fc,0.9346,-5.0
17,top10%,5,8231da93,reind_8231,0.928,-4.9926
17,top10%,6,5c8683b2,reind_5c86,0.9238,-5.0
17,top10%,7,637c6766,reind_637c,0.8794,-4.9936
17,top10%,8,9b6a2466,policy_0_9b6a,0.8494,-4.9931
17,top20%,1,6215172a,reind_6215,0.9992,-5.0
17,top20%,2,366289ca,reind_3662,0.9948,-4.9929
17,top20%,3,9cd9b29f,reind_9cd9,0.9916,-4.9923
17,top20%,4,a0fcabaf,reind_a0fc,0.9346,-5.0
17,top20%,5,8231da93,reind_8231,0.928,-4.9926
17,top20%,6,5c8683b2,reind_5c86,0.9238,-5.0
17,top20%,7,637c6766,reind_637c,0.8794,-4.9936
17,top20%,8,9b6a2466,policy_0_9b6a,0.8494,-4.9931
17,top20%,9,a5faab0b,reind_a5fa,0.8479,-5.0
17,top20%,10,c6739e51,reind_c673,0.8459,-5.0
17,top50%,1,6215172a,reind_6215,0.9992,-5.0
17,top50%,2,366289ca,reind_3662,0.9948,-4.9929
17,top50%,3,9cd9b29f,reind_9cd9,0.9916,-4.9923
17,top50%,4,a0fcabaf,reind_a0fc,0.9346,-5.0
17,top50%,5,8231da93,reind_8231,0.928,-4.9926
17,top50%,6,5c8683b2,reind_5c86,0.9238,-5.0
17,top50%,7,637c6766,reind_637c,0.8794,-4.9936
17,top50%,8,9b6a2466,policy_0_9b6a,0.8494,-4.9931
17,top50%,9,a5faab0b,reind_a5fa,0.8479,-5.0
17,top50%,10,c6739e51,reind_c673,0.8459,-5.0
17,top60%,1,6215172a,reind_6215,0.9992,-5.0
17,top60%,2,366289ca,reind_3662,0.9948,-4.9929
17,top60%,3,9cd9b29f,reind_9cd9,0.9916,-4.9923
17,top60%,4,a0fcabaf,reind_a0fc,0.9346,-5.0
17,top60%,5,8231da93,reind_8231,0.928,-4.9926
17,top60%,6,5c8683b2,reind_5c86,0.9238,-5.0
17,top60%,7,637c6766,reind_637c,0.8794,-4.9936
17,top60%,8,9b6a2466,policy_0_9b6a,0.8494,-4.9931
17,top60%,9,a5faab0b,reind_a5fa,0.8479,-5.0
17,top60%,10,c6739e51,reind_c673,0.8459,-5.0
21,top10%,1,5c8683b2,reind_5c86,0.9014,-5.0
21,top10%,2,366289ca,reind_3662,0.849,-4.9929
21,top10%,3,a5faab0b,reind_a5fa,0.8477,-5.0
21,top10%,4,9cd9b29f,reind_9cd9,0.8474,-4.9923
21,top10%,5,c6739e51,reind_c673,0.846,-5.0
21,top10%,6,ae5b5760,reind_ae5b,0.8378,-5.0
21,top10%,7,1999ea44,reind_1999,0.8354,-5.0
21,top10%,8,05eed594,reind_fallback,0.7885,-5.0
21,top20%,1,5c8683b2,reind_5c86,0.9014,-5.0
21,top20%,2,366289ca,reind_3662,0.849,-4.9929
21,top20%,3,a5faab0b,reind_a5fa,0.8477,-5.0
21,top20%,4,9cd9b29f,reind_9cd9,0.8474,-4.9923
21,top20%,5,c6739e51,reind_c673,0.846,-5.0
21,top20%,6,ae5b5760,reind_ae5b,0.8378,-5.0
21,top20%,7,1999ea44,reind_1999,0.8354,-5.0
21,top20%,8,05eed594,reind_fallback,0.7885,-5.0
21,top20%,9,a0fcabaf,reind_a0fc,0.7852,-5.0
21,top20%,10,77b961ff,reind_77b9,0.7844,-4.9889
21,top50%,1,5c8683b2,reind_5c86,0.9014,-5.0
21,top50%,2,366289ca,reind_3662,0.849,-4.9929
21,top50%,3,a5faab0b,reind_a5fa,0.8477,-5.0
21,top50%,4,9cd9b29f,reind_9cd9,0.8474,-4.9923
21,top50%,5,c6739e51,reind_c673,0.846,-5.0
21,top50%,6,ae5b5760,reind_ae5b,0.8378,-5.0
21,top50%,7,1999ea44,reind_1999,0.8354,-5.0
21,top50%,8,05eed594,reind_fallback,0.7885,-5.0
21,top50%,9,a0fcabaf,reind_a0fc,0.7852,-5.0
21,top50%,10,77b961ff,reind_77b9,0.7844,-4.9889
21,top60%,1,5c8683b2,reind_5c86,0.9014,-5.0
21,top60%,2,366289ca,reind_3662,0.849,-4.9929
21,top60%,3,a5faab0b,reind_a5fa,0.8477,-5.0
21,top60%,4,9cd9b29f,reind_9cd9,0.8474,-4.9923
21,top60%,5,c6739e51,reind_c673,0.846,-5.0
21,top60%,6,ae5b5760,reind_ae5b,0.8378,-5.0
21,top60%,7,1999ea44,reind_1999,0.8354,-5.0
21,top60%,8,05eed594,reind_fallback,0.7885,-5.0
21,top60%,9,a0fcabaf,reind_a0fc,0.7852,-5.0
21,top60%,10,77b961ff,reind_77b9,0.7844,-4.9889
24,top10%,1,5c8683b2,reind_5c86,0.9932,-5.0
24,top10%,2,637c6766,reind_637c,0.9749,-4.9936
24,top10%,3,6215172a,reind_6215,0.95,-5.0
24,top10%,4,366289ca,reind_3662,0.9292,-4.9929
24,top10%,5,64527318,reind_6452,0.9282,-4.9931
24,top10%,6,9cd9b29f,reind_9cd9,0.9191,-4.9923
24,top10%,7,f11f0bb5,reind_f11f,0.9109,-5.0
24,top10%,8,a0fcabaf,reind_a0fc,0.9068,-5.0
24,top20%,1,5c8683b2,reind_5c86,0.9932,-5.0
24,top20%,2,637c6766,reind_637c,0.9749,-4.9936
24,top20%,3,6215172a,reind_6215,0.95,-5.0
24,top20%,4,366289ca,reind_3662,0.9292,-4.9929
24,top20%,5,64527318,reind_6452,0.9282,-4.9931
24,top20%,6,9cd9b29f,reind_9cd9,0.9191,-4.9923
24,top20%,7,f11f0bb5,reind_f11f,0.9109,-5.0
24,top20%,8,a0fcabaf,reind_a0fc,0.9068,-5.0
24,top20%,9,8231da93,reind_8231,0.8992,-4.9926
24,top20%,10,a5faab0b,reind_a5fa,0.85,-5.0
24,top50%,1,5c8683b2,reind_5c86,0.9932,-5.0
24,top50%,2,637c6766,reind_637c,0.9749,-4.9936
24,top50%,3,6215172a,reind_6215,0.95,-5.0
24,top50%,4,366289ca,reind_3662,0.9292,-4.9929
24,top50%,5,64527318,reind_6452,0.9282,-4.9931
24,top50%,6,9cd9b29f,reind_9cd9,0.9191,-4.9923
24,top50%,7,f11f0bb5,reind_f11f,0.9109,-5.0
24,top50%,8,a0fcabaf,reind_a0fc,0.9068,-5.0
24,top50%,9,8231da93,reind_8231,0.8992,-4.9926
24,top50%,10,a5faab0b,reind_a5fa,0.85,-5.0
24,top60%,1,5c8683b2,reind_5c86,0.9932,-5.0
24,top60%,2,637c6766,reind_637c,0.9749,-4.9936
24,top60%,3,6215172a,reind_6215,0.95,-5.0
24,top60%,4,366289ca,reind_3662,0.9292,-4.9929
24,top60%,5,64527318,reind_6452,0.9282,-4.9931
24,top60%,6,9cd9b29f,reind_9cd9,0.9191,-4.9923
24,top60%,7,f11f0bb5,reind_f11f,0.9109,-5.0
24,top60%,8,a0fcabaf,reind_a0fc,0.9068,-5.0
24,top60%,9,8231da93,reind_8231,0.8992,-4.9926
24,top60%,10,a5faab0b,reind_a5fa,0.85,-5.0
23,top10%,1,5c8683b2,reind_5c86,0.9839,-5.0
23,top10%,2,6215172a,reind_6215,0.9675,-5.0
23,top10%,3,637c6766,reind_637c,0.9591,-4.9936
23,top10%,4,366289ca,reind_3662,0.9501,-4.9929
23,top10%,5,9cd9b29f,reind_9cd9,0.9415,-4.9923
23,top10%,6,64527318,reind_6452,0.904,-4.9931
23,top10%,7,f11f0bb5,reind_f11f,0.8845,-5.0
23,top10%,8,a5faab0b,reind_a5fa,0.848,-5.0
23,top20%,1,5c8683b2,reind_5c86,0.9839,-5.0
23,top20%,2,6215172a,reind_6215,0.9675,-5.0
23,top20%,3,637c6766,reind_637c,0.9591,-4.9936
23,top20%,4,366289ca,reind_3662,0.9501,-4.9929
23,top20%,5,9cd9b29f,reind_9cd9,0.9415,-4.9923
23,top20%,6,64527318,reind_6452,0.904,-4.9931
23,top20%,7,f11f0bb5,reind_f11f,0.8845,-5.0
23,top20%,8,a5faab0b,reind_a5fa,0.848,-5.0
23,top20%,9,c6739e51,reind_c673,0.8457,-5.0
23,top20%,10,c190390d,reind_c190,0.8398,-5.0
23,top50%,1,5c8683b2,reind_5c86,0.9839,-5.0
23,top50%,2,6215172a,reind_6215,0.9675,-5.0
23,top50%,3,637c6766,reind_637c,0.9591,-4.9936
23,top50%,4,366289ca,reind_3662,0.9501,-4.9929
23,top50%,5,9cd9b29f,reind_9cd9,0.9415,-4.9923
23,top50%,6,64527318,reind_6452,0.904,-4.9931
23,top50%,7,f11f0bb5,reind_f11f,0.8845,-5.0
23,top50%,8,a5faab0b,reind_a5fa,0.848,-5.0
23,top50%,9,c6739e51,reind_c673,0.8457,-5.0
23,top50%,10,c190390d,reind_c190,0.8398,-5.0
23,top60%,1,5c8683b2,reind_5c86,0.9839,-5.0
23,top60%,2,6215172a,reind_6215,0.9675,-5.0
23,top60%,3,637c6766,reind_637c,0.9591,-4.9936
23,top60%,4,366289ca,reind_3662,0.9501,-4.9929
23,top60%,5,9cd9b29f,reind_9cd9,0.9415,-4.9923
23,top60%,6,64527318,reind_6452,0.904,-4.9931
23,top60%,7,f11f0bb5,reind_f11f,0.8845,-5.0
23,top60%,8,a5faab0b,reind_a5fa,0.848,-5.0
23,top60%,9,c6739e51,reind_c673,0.8457,-5.0
23,top60%,10,c190390d,reind_c190,0.8398,-5.0
22,top10%,1,366289ca,reind_3662,0.9819,-4.9929
22,top10%,2,9cd9b29f,reind_9cd9,0.9764,-4.9923
22,top10%,3,5c8683b2,reind_5c86,0.9534,-5.0
22,top10%,4,637c6766,reind_637c,0.9164,-4.9936
22,top10%,5,a5faab0b,reind_a5fa,0.8471,-5.0
22,top10%,6,c6739e51,reind_c673,0.8468,-5.0
22,top10%,7,64527318,reind_6452,0.8461,-4.9931
22,top10%,8,6215172a,reind_6215,0.8418,-5.0
22,top20%,1,366289ca,reind_3662,0.9819,-4.9929
22,top20%,2,9cd9b29f,reind_9cd9,0.9764,-4.9923
22,top20%,3,5c8683b2,reind_5c86,0.9534,-5.0
22,top20%,4,637c6766,reind_637c,0.9164,-4.9936
22,top20%,5,a5faab0b,reind_a5fa,0.8471,-5.0
22,top20%,6,c6739e51,reind_c673,0.8468,-5.0
22,top20%,7,64527318,reind_6452,0.8461,-4.9931
22,top20%,8,6215172a,reind_6215,0.8418,-5.0
22,top20%,9,ae5b5760,reind_ae5b,0.8363,-5.0
22,top20%,10,f11f0bb5,reind_f11f,0.8229,-5.0
22,top50%,1,366289ca,reind_3662,0.9819,-4.9929
22,top50%,2,9cd9b29f,reind_9cd9,0.9764,-4.9923
22,top50%,3,5c8683b2,reind_5c86,0.9534,-5.0
22,top50%,4,637c6766,reind_637c,0.9164,-4.9936
22,top50%,5,a5faab0b,reind_a5fa,0.8471,-5.0
22,top50%,6,c6739e51,reind_c673,0.8468,-5.0
22,top50%,7,64527318,reind_6452,0.8461,-4.9931
22,top50%,8,6215172a,reind_6215,0.8418,-5.0
22,top50%,9,ae5b5760,reind_ae5b,0.8363,-5.0
22,top50%,10,f11f0bb5,reind_f11f,0.8229,-5.0
22,top60%,1,366289ca,reind_3662,0.9819,-4.9929
22,top60%,2,9cd9b29f,reind_9cd9,0.9764,-4.9923
22,top60%,3,5c8683b2,reind_5c86,0.9534,-5.0
22,top60%,4,637c6766,reind_637c,0.9164,-4.9936
22,top60%,5,a5faab0b,reind_a5fa,0.8471,-5.0
22,top60%,6,c6739e51,reind_c673,0.8468,-5.0
22,top60%,7,64527318,reind_6452,0.8461,-4.9931
22,top60%,8,6215172a,reind_6215,0.8418,-5.0
22,top60%,9,ae5b5760,reind_ae5b,0.8363,-5.0
22,top60%,10,f11f0bb5,reind_f11f,0.8229,-5.0
25,top10%,1,a5faab0b,reind_a5fa,0.9961,-5.0
25,top10%,2,6215172a,reind_6215,0.982,-5.0
25,top10%,3,c6739e51,reind_c673,0.9705,-5.0
25,top10%,4,5c8683b2,reind_5c86,0.9701,-5.0
25,top10%,5,366289ca,reind_3662,0.9683,-4.9929
25,top10%,6,9cd9b29f,reind_9cd9,0.9612,-4.9923
25,top10%,7,637c6766,reind_637c,0.9389,-4.9936
25,top10%,8,64527318,reind_6452,0.8756,-4.9931
25,top20%,1,a5faab0b,reind_a5fa,0.9961,-5.0
25,top20%,2,6215172a,reind_6215,0.982,-5.0
25,top20%,3,c6739e51,reind_c673,0.9705,-5.0
25,top20%,4,5c8683b2,reind_5c86,0.9701,-5.0
25,top20%,5,366289ca,reind_3662,0.9683,-4.9929
25,top20%,6,9cd9b29f,reind_9cd9,0.9612,-4.9923
25,top20%,7,637c6766,reind_637c,0.9389,-4.9936
25,top20%,8,64527318,reind_6452,0.8756,-4.9931
25,top20%,9,a0fcabaf,reind_a0fc,0.8727,-5.0
25,top20%,10,8231da93,reind_8231,0.864,-4.9926
25,top50%,1,a5faab0b,reind_a5fa,0.9961,-5.0
25,top50%,2,6215172a,reind_6215,0.982,-5.0
25,top50%,3,c6739e51,reind_c673,0.9705,-5.0
25,top50%,4,5c8683b2,reind_5c86,0.9701,-5.0
25,top50%,5,366289ca,reind_3662,0.9683,-4.9929
25,top50%,6,9cd9b29f,reind_9cd9,0.9612,-4.9923
25,top50%,7,637c6766,reind_637c,0.9389,-4.9936
25,top50%,8,64527318,reind_6452,0.8756,-4.9931
25,top50%,9,a0fcabaf,reind_a0fc,0.8727,-5.0
25,top50%,10,8231da93,reind_8231,0.864,-4.9926
25,top60%,1,a5faab0b,reind_a5fa,0.9961,-5.0
25,top60%,2,6215172a,reind_6215,0.982,-5.0
25,top60%,3,c6739e51,reind_c673,0.9705,-5.0
25,top60%,4,5c8683b2,reind_5c86,0.9701,-5.0
25,top60%,5,366289ca,reind_3662,0.9683,-4.9929
25,top60%,6,9cd9b29f,reind_9cd9,0.9612,-4.9923
25,top60%,7,637c6766,reind_637c,0.9389,-4.9936
25,top60%,8,64527318,reind_6452,0.8756,-4.9931
25,top60%,9,a0fcabaf,reind_a0fc,0.8727,-5.0
25,top60%,10,8231da93,reind_8231,0.864,-4.9926
26,top10%,1,1999ea44,reind_1999,0.9998,-5.0
26,top10%,2,a5faab0b,reind_a5fa,0.9926,-5.0
26,top10%,3,6215172a,reind_6215,0.9873,-5.0
26,top10%,4,366289ca,reind_3662,0.9754,-4.9929
26,top10%,5,9cd9b29f,reind_9cd9,0.9691,-4.9923
26,top10%,6,5c8683b2,reind_5c86,0.9623,-5.0
26,top10%,7,c6739e51,reind_c673,0.9621,-5.0
26,top10%,8,637c6766,reind_637c,0.9282,-4.9936
26,top20%,1,1999ea44,reind_1999,0.9998,-5.0
26,top20%,2,a5faab0b,reind_a5fa,0.9926,-5.0
26,top20%,3,6215172a,reind_6215,0.9873,-5.0
26,top20%,4,366289ca,reind_3662,0.9754,-4.9929
26,top20%,5,9cd9b29f,reind_9cd9,0.9691,-4.9923
26,top20%,6,5c8683b2,reind_5c86,0.9623,-5.0
26,top20%,7,c6739e51,reind_c673,0.9621,-5.0
26,top20%,8,637c6766,reind_637c,0.9282,-4.9936
26,top20%,9,64527318,reind_6452,0.8614,-4.9931
26,top20%,10,a0fcabaf,reind_a0fc,0.8571,-5.0
26,top50%,1,1999ea44,reind_1999,0.9998,-5.0
26,top50%,2,a5faab0b,reind_a5fa,0.9926,-5.0
26,top50%,3,6215172a,reind_6215,0.9873,-5.0
26,top50%,4,366289ca,reind_3662,0.9754,-4.9929
26,top50%,5,9cd9b29f,reind_9cd9,0.9691,-4.9923
26,top50%,6,5c8683b2,reind_5c86,0.9623,-5.0
26,top50%,7,c6739e51,reind_c673,0.9621,-5.0
26,top50%,8,637c6766,reind_637c,0.9282,-4.9936
26,top50%,9,64527318,reind_6452,0.8614,-4.9931
26,top50%,10,a0fcabaf,reind_a0fc,0.8571,-5.0
26,top60%,1,1999ea44,reind_1999,0.9998,-5.0
26,top60%,2,a5faab0b,reind_a5fa,0.9926,-5.0
26,top60%,3,6215172a,reind_6215,0.9873,-5.0
26,top60%,4,366289ca,reind_3662,0.9754,-4.9929
26,top60%,5,9cd9b29f,reind_9cd9,0.9691,-4.9923
26,top60%,6,5c8683b2,reind_5c86,0.9623,-5.0
26,top60%,7,c6739e51,reind_c673,0.9621,-5.0
26,top60%,8,637c6766,reind_637c,0.9282,-4.9936
26,top60%,9,64527318,reind_6452,0.8614,-4.9931
26,top60%,10,a0fcabaf,reind_a0fc,0.8571,-5.0
27,top10%,1,1999ea44,reind_1999,0.9999,-5.0
27,top10%,2,a5faab0b,reind_a5fa,0.9934,-5.0
27,top10%,3,6215172a,reind_6215,0.9852,-5.0
27,top10%,4,366289ca,reind_3662,0.9727,-4.9929
27,top10%,5,9cd9b29f,reind_9cd9,0.9661,-4.9923
27,top10%,6,5c8683b2,reind_5c86,0.9656,-5.0
27,top10%,7,c6739e51,reind_c673,0.9639,-5.0
27,top10%,8,637c6766,reind_637c,0.9326,-4.9936
27,top20%,1,1999ea44,reind_1999,0.9999,-5.0
27,top20%,2,a5faab0b,reind_a5fa,0.9934,-5.0
27,top20%,3,6215172a,reind_6215,0.9852,-5.0
27,top20%,4,366289ca,reind_3662,0.9727,-4.9929
27,top20%,5,9cd9b29f,reind_9cd9,0.9661,-4.9923
27,top20%,6,5c8683b2,reind_5c86,0.9656,-5.0
27,top20%,7,c6739e51,reind_c673,0.9639,-5.0
27,top20%,8,637c6766,reind_637c,0.9326,-4.9936
27,top20%,9,64527318,reind_6452,0.8672,-4.9931
27,top20%,10,a0fcabaf,reind_a0fc,0.8604,-5.0
27,top50%,1,1999ea44,reind_1999,0.9999,-5.0
27,top50%,2,a5faab0b,reind_a5fa,0.9934,-5.0
27,top50%,3,6215172a,reind_6215,0.9852,-5.0
27,top50%,4,366289ca,reind_3662,0.9727,-4.9929
27,top50%,5,9cd9b29f,reind_9cd9,0.9661,-4.9923
27,top50%,6,5c8683b2,reind_5c86,0.9656,-5.0
27,top50%,7,c6739e51,reind_c673,0.9639,-5.0
27,top50%,8,637c6766,reind_637c,0.9326,-4.9936
27,top50%,9,64527318,reind_6452,0.8672,-4.9931
27,top50%,10,a0fcabaf,reind_a0fc,0.8604,-5.0
27,top60%,1,1999ea44,reind_1999,0.9999,-5.0
27,top60%,2,a5faab0b,reind_a5fa,0.9934,-5.0
27,top60%,3,6215172a,reind_6215,0.9852,-5.0
27,top60%,4,366289ca,reind_3662,0.9727,-4.9929
27,top60%,5,9cd9b29f,reind_9cd9,0.9661,-4.9923
27,top60%,6,5c8683b2,reind_5c86,0.9656,-5.0
27,top60%,7,c6739e51,reind_c673,0.9639,-5.0
27,top60%,8,637c6766,reind_637c,0.9326,-4.9936
27,top60%,9,64527318,reind_6452,0.8672,-4.9931
27,top60%,10,a0fcabaf,reind_a0fc,0.8604,-5.0
28,top10%,1,6215172a,reind_6215,0.9922,-5.0
28,top10%,2,1999ea44,reind_1999,0.9897,-5.0
28,top10%,3,366289ca,reind_3662,0.9824,-4.9929
28,top10%,4,9cd9b29f,reind_9cd9,0.977,-4.9923
28,top10%,5,a5faab0b,reind_a5fa,0.9697,-5.0
28,top10%,6,5c8683b2,reind_5c86,0.9526,-5.0
28,top10%,7,c6739e51,reind_c673,0.9214,-5.0
28,top10%,8,637c6766,reind_637c,0.9153,-4.9936
28,top20%,1,6215172a,reind_6215,0.9922,-5.0
28,top20%,2,1999ea44,reind_1999,0.9897,-5.0
28,top20%,3,366289ca,reind_3662,0.9824,-4.9929
28,top20%,4,9cd9b29f,reind_9cd9,0.977,-4.9923
28,top20%,5,a5faab0b,reind_a5fa,0.9697,-5.0
28,top20%,6,5c8683b2,reind_5c86,0.9526,-5.0
28,top20%,7,c6739e51,reind_c673,0.9214,-5.0
28,top20%,8,637c6766,reind_637c,0.9153,-4.9936
28,top20%,9,d85e5094,reind_d85e,0.8655,-5.0
28,top20%,10,77b961ff,reind_77b9,0.8486,-4.9889
28,top50%,1,6215172a,reind_6215,0.9922,-5.0
28,top50%,2,1999ea44,reind_1999,0.9897,-5.0
28,top50%,3,366289ca,reind_3662,0.9824,-4.9929
28,top50%,4,9cd9b29f,reind_9cd9,0.977,-4.9923
28,top50%,5,a5faab0b,reind_a5fa,0.9697,-5.0
28,top50%,6,5c8683b2,reind_5c86,0.9526,-5.0
28,top50%,7,c6739e51,reind_c673,0.9214,-5.0
28,top50%,8,637c6766,reind_637c,0.9153,-4.9936
28,top50%,9,d85e5094,reind_d85e,0.8655,-5.0
28,top50%,10,77b961ff,reind_77b9,0.8486,-4.9889
28,top60%,1,6215172a,reind_6215,0.9922,-5.0
28,top60%,2,1999ea44,reind_1999,0.9897,-5.0
28,top60%,3,366289ca,reind_3662,0.9824,-4.9929
28,top60%,4,9cd9b29f,reind_9cd9,0.977,-4.9923
28,top60%,5,a5faab0b,reind_a5fa,0.9697,-5.0
28,top60%,6,5c8683b2,reind_5c86,0.9526,-5.0
28,top60%,7,c6739e51,reind_c673,0.9214,-5.0
28,top60%,8,637c6766,reind_637c,0.9153,-4.9936
28,top60%,9,d85e5094,reind_d85e,0.8655,-5.0
28,top60%,10,77b961ff,reind_77b9,0.8486,-4.9889
30,top10%,1,1999ea44,reind_1999,0.9916,-5.0
30,top10%,2,6215172a,reind_6215,0.9871,-5.0
30,top10%,3,366289ca,reind_3662,0.9752,-4.9929
30,top10%,4,a5faab0b,reind_a5fa,0.9729,-5.0
30,top10%,5,9cd9b29f,reind_9cd9,0.9689,-4.9923
30,top10%,6,5c8683b2,reind_5c86,0.9626,-5.0
30,top10%,7,637c6766,reind_637c,0.9286,-4.9936
30,top10%,8,c6739e51,reind_c673,0.9264,-5.0
30,top20%,1,1999ea44,reind_1999,0.9916,-5.0
30,top20%,2,6215172a,reind_6215,0.9871,-5.0
30,top20%,3,366289ca,reind_3662,0.9752,-4.9929
30,top20%,4,a5faab0b,reind_a5fa,0.9729,-5.0
30,top20%,5,9cd9b29f,reind_9cd9,0.9689,-4.9923
30,top20%,6,5c8683b2,reind_5c86,0.9626,-5.0
30,top20%,7,637c6766,reind_637c,0.9286,-4.9936
30,top20%,8,c6739e51,reind_c673,0.9264,-5.0
30,top20%,9,64527318,reind_6452,0.8619,-4.9931
30,top20%,10,d85e5094,reind_d85e,0.8592,-5.0
30,top50%,1,1999ea44,reind_1999,0.9916,-5.0
30,top50%,2,6215172a,reind_6215,0.9871,-5.0
30,top50%,3,366289ca,reind_3662,0.9752,-4.9929
30,top50%,4,a5faab0b,reind_a5fa,0.9729,-5.0
30,top50%,5,9cd9b29f,reind_9cd9,0.9689,-4.9923
30,top50%,6,5c8683b2,reind_5c86,0.9626,-5.0
30,top50%,7,637c6766,reind_637c,0.9286,-4.9936
30,top50%,8,c6739e51,reind_c673,0.9264,-5.0
30,top50%,9,64527318,reind_6452,0.8619,-4.9931
30,top50%,10,d85e5094,reind_d85e,0.8592,-5.0
30,top60%,1,1999ea44,reind_1999,0.9916,-5.0
30,top60%,2,6215172a,reind_6215,0.9871,-5.0
30,top60%,3,366289ca,reind_3662,0.9752,-4.9929
30,top60%,4,a5faab0b,reind_a5fa,0.9729,-5.0
30,top60%,5,9cd9b29f,reind_9cd9,0.9689,-4.9923
30,top60%,6,5c8683b2,reind_5c86,0.9626,-5.0
30,top60%,7,637c6766,reind_637c,0.9286,-4.9936
30,top60%,8,c6739e51,reind_c673,0.9264,-5.0
30,top60%,9,64527318,reind_6452,0.8619,-4.9931
30,top60%,10,d85e5094,reind_d85e,0.8592,-5.0
29,top10%,1,6215172a,reind_6215,0.9817,-5.0
29,top10%,2,5c8683b2,reind_5c86,0.9705,-5.0
29,top10%,3,1999ea44,reind_1999,0.9694,-5.0
29,top10%,4,366289ca,reind_3662,0.9679,-4.9929
29,top10%,5,9cd9b29f,reind_9cd9,0.9608,-4.9923
29,top10%,6,637c6766,reind_637c,0.9394,-4.9936
29,top10%,7,a5faab0b,reind_a5fa,0.9394,-5.0
29,top10%,8,d85e5094,reind_d85e,0.911,-5.0
29,top20%,1,6215172a,reind_6215,0.9817,-5.0
29,top20%,2,5c8683b2,reind_5c86,0.9705,-5.0
29,top20%,3,1999ea44,reind_1999,0.9694,-5.0
29,top20%,4,366289ca,reind_3662,0.9679,-4.9929
29,top20%,5,9cd9b29f,reind_9cd9,0.9608,-4.9923
29,top20%,6,637c6766,reind_637c,0.9394,-4.9936
29,top20%,7,a5faab0b,reind_a5fa,0.9394,-5.0
29,top20%,8,d85e5094,reind_d85e,0.911,-5.0
29,top20%,9,c6739e51,reind_c673,0.8779,-5.0
29,top20%,10,64527318,reind_6452,0.8763,-4.9931
29,top50%,1,6215172a,reind_6215,0.9817,-5.0
29,top50%,2,5c8683b2,reind_5c86,0.9705,-5.0
29,top50%,3,1999ea44,reind_1999,0.9694,-5.0
29,top50%,4,366289ca,reind_3662,0.9679,-4.9929
29,top50%,5,9cd9b29f,reind_9cd9,0.9608,-4.9923
29,top50%,6,637c6766,reind_637c,0.9394,-4.9936
29,top50%,7,a5faab0b,reind_a5fa,0.9394,-5.0
29,top50%,8,d85e5094,reind_d85e,0.911,-5.0
29,top50%,9,c6739e51,reind_c673,0.8779,-5.0
29,top50%,10,64527318,reind_6452,0.8763,-4.9931
29,top60%,1,6215172a,reind_6215,0.9817,-5.0
29,top60%,2,5c8683b2,reind_5c86,0.9705,-5.0
29,top60%,3,1999ea44,reind_1999,0.9694,-5.0
29,top60%,4,366289ca,reind_3662,0.9679,-4.9929
29,top60%,5,9cd9b29f,reind_9cd9,0.9608,-4.9923
29,top60%,6,637c6766,reind_637c,0.9394,-4.9936
29,top60%,7,a5faab0b,reind_a5fa,0.9394,-5.0
29,top60%,8,d85e5094,reind_d85e,0.911,-5.0
29,top60%,9,c6739e51,reind_c673,0.8779,-5.0
29,top60%,10,64527318,reind_6452,0.8763,-4.9931
31,top10%,1,a5faab0b,reind_a5fa,0.9946,-5.0
31,top10%,2,366289ca,reind_3662,0.9933,-4.9929
31,top10%,3,c6739e51,reind_c673,0.9667,-5.0
31,top10%,4,5c8683b2,reind_5c86,0.9287,-5.0
31,top10%,5,637c6766,reind_637c,0.8853,-4.9936
31,top10%,6,a0fcabaf,reind_a0fc,0.8655,-5.0
31,top10%,7,8231da93,reind_8231,0.8567,-4.9926
31,top10%,8,9ab1ea3b,reind_9ab1,0.8505,-5.0
31,top20%,1,a5faab0b,reind_a5fa,0.9946,-5.0
31,top20%,2,366289ca,reind_3662,0.9933,-4.9929
31,top20%,3,c6739e51,reind_c673,0.9667,-5.0
31,top20%,4,5c8683b2,reind_5c86,0.9287,-5.0
31,top20%,5,637c6766,reind_637c,0.8853,-4.9936
31,top20%,6,a0fcabaf,reind_a0fc,0.8655,-5.0
31,top20%,7,8231da93,reind_8231,0.8567,-4.9926
31,top20%,8,9ab1ea3b,reind_9ab1,0.8505,-5.0
31,top20%,9,1999ea44,reind_1999,0.85,-5.0
31,top20%,10,ae5b5760,reind_ae5b,0.8499,-5.0
31,top50%,1,a5faab0b,reind_a5fa,0.9946,-5.0
31,top50%,2,366289ca,reind_3662,0.9933,-4.9929
31,top50%,3,c6739e51,reind_c673,0.9667,-5.0
31,top50%,4,5c8683b2,reind_5c86,0.9287,-5.0
31,top50%,5,637c6766,reind_637c,0.8853,-4.9936
31,top50%,6,a0fcabaf,reind_a0fc,0.8655,-5.0
31,top50%,7,8231da93,reind_8231,0.8567,-4.9926
31,top50%,8,9ab1ea3b,reind_9ab1,0.8505,-5.0
31,top50%,9,1999ea44,reind_1999,0.85,-5.0
31,top50%,10,ae5b5760,reind_ae5b,0.8499,-5.0
31,top60%,1,a5faab0b,reind_a5fa,0.9946,-5.0
31,top60%,2,366289ca,reind_3662,0.9933,-4.9929
31,top60%,3,c6739e51,reind_c673,0.9667,-5.0
31,top60%,4,5c8683b2,reind_5c86,0.9287,-5.0
31,top60%,5,637c6766,reind_637c,0.8853,-4.9936
31,top60%,6,a0fcabaf,reind_a0fc,0.8655,-5.0
31,top60%,7,8231da93,reind_8231,0.8567,-4.9926
31,top60%,8,9ab1ea3b,reind_9ab1,0.8505,-5.0
31,top60%,9,1999ea44,reind_1999,0.85,-5.0
31,top60%,10,ae5b5760,reind_ae5b,0.8499,-5.0
32,top10%,1,366289ca,reind_3662,0.9906,-4.9929
32,top10%,2,5c8683b2,reind_5c86,0.9364,-5.0
32,top10%,3,a0fcabaf,reind_a0fc,0.8985,-5.0
32,top10%,4,637c6766,reind_637c,0.8948,-4.9936
32,top10%,5,8231da93,reind_8231,0.8906,-4.9926
32,top10%,6,a5faab0b,reind_a5fa,0.8496,-5.0
32,top10%,7,c190390d,reind_c190,0.8487,-5.0
32,top10%,8,9b6a2466,policy_0_9b6a,0.8483,-4.9931
32,top20%,1,366289ca,reind_3662,0.9906,-4.9929
32,top20%,2,5c8683b2,reind_5c86,0.9364,-5.0
32,top20%,3,a0fcabaf,reind_a0fc,0.8985,-5.0
32,top20%,4,637c6766,reind_637c,0.8948,-4.9936
32,top20%,5,8231da93,reind_8231,0.8906,-4.9926
32,top20%,6,a5faab0b,reind_a5fa,0.8496,-5.0
32,top20%,7,c190390d,reind_c190,0.8487,-5.0
32,top20%,8,9b6a2466,policy_0_9b6a,0.8483,-4.9931
32,top20%,9,ae5b5760,reind_ae5b,0.8482,-5.0
32,top20%,10,6215172a,reind_6215,0.8472,-5.0
32,top50%,1,366289ca,reind_3662,0.9906,-4.9929
32,top50%,2,5c8683b2,reind_5c86,0.9364,-5.0
32,top50%,3,a0fcabaf,reind_a0fc,0.8985,-5.0
32,top50%,4,637c6766,reind_637c,0.8948,-4.9936
32,top50%,5,8231da93,reind_8231,0.8906,-4.9926
32,top50%,6,a5faab0b,reind_a5fa,0.8496,-5.0
32,top50%,7,c190390d,reind_c190,0.8487,-5.0
32,top50%,8,9b6a2466,policy_0_9b6a,0.8483,-4.9931
32,top50%,9,ae5b5760,reind_ae5b,0.8482,-5.0
32,top50%,10,6215172a,reind_6215,0.8472,-5.0
32,top60%,1,366289ca,reind_3662,0.9906,-4.9929
32,top60%,2,5c8683b2,reind_5c86,0.9364,-5.0
32,top60%,3,a0fcabaf,reind_a0fc,0.8985,-5.0
32,top60%,4,637c6766,reind_637c,0.8948,-4.9936
32,top60%,5,8231da93,reind_8231,0.8906,-4.9926
32,top60%,6,a5faab0b,reind_a5fa,0.8496,-5.0
32,top60%,7,c190390d,reind_c190,0.8487,-5.0
32,top60%,8,9b6a2466,policy_0_9b6a,0.8483,-4.9931
32,top60%,9,ae5b5760,reind_ae5b,0.8482,-5.0
32,top60%,10,6215172a,reind_6215,0.8472,-5.0
34,top10%,1,366289ca,reind_3662,0.9801,-4.9929
34,top10%,2,9cd9b29f,reind_9cd9,0.9744,-4.9923
34,top10%,3,5c8683b2,reind_5c86,0.956,-5.0
34,top10%,4,637c6766,reind_637c,0.9199,-4.9936
34,top10%,5,64527318,reind_6452,0.8505,-4.9931
34,top10%,6,a5faab0b,reind_a5fa,0.848,-5.0
34,top10%,7,c6739e51,reind_c673,0.8457,-5.0
34,top10%,8,6215172a,reind_6215,0.8406,-5.0
34,top20%,1,366289ca,reind_3662,0.9801,-4.9929
34,top20%,2,9cd9b29f,reind_9cd9,0.9744,-4.9923
34,top20%,3,5c8683b2,reind_5c86,0.956,-5.0
34,top20%,4,637c6766,reind_637c,0.9199,-4.9936
34,top20%,5,64527318,reind_6452,0.8505,-4.9931
34,top20%,6,a5faab0b,reind_a5fa,0.848,-5.0
34,top20%,7,c6739e51,reind_c673,0.8457,-5.0
34,top20%,8,6215172a,reind_6215,0.8406,-5.0
34,top20%,9,ae5b5760,reind_ae5b,0.8384,-5.0
34,top20%,10,f11f0bb5,reind_f11f,0.8276,-5.0
34,top50%,1,366289ca,reind_3662,0.9801,-4.9929
34,top50%,2,9cd9b29f,reind_9cd9,0.9744,-4.9923
34,top50%,3,5c8683b2,reind_5c86,0.956,-5.0
34,top50%,4,637c6766,reind_637c,0.9199,-4.9936
34,top50%,5,64527318,reind_6452,0.8505,-4.9931
34,top50%,6,a5faab0b,reind_a5fa,0.848,-5.0
34,top50%,7,c6739e51,reind_c673,0.8457,-5.0
34,top50%,8,6215172a,reind_6215,0.8406,-5.0
34,top50%,9,ae5b5760,reind_ae5b,0.8384,-5.0
34,top50%,10,f11f0bb5,reind_f11f,0.8276,-5.0
34,top60%,1,366289ca,reind_3662,0.9801,-4.9929
34,top60%,2,9cd9b29f,reind_9cd9,0.9744,-4.9923
34,top60%,3,5c8683b2,reind_5c86,0.956,-5.0
34,top60%,4,637c6766,reind_637c,0.9199,-4.9936
34,top60%,5,64527318,reind_6452,0.8505,-4.9931
34,top60%,6,a5faab0b,reind_a5fa,0.848,-5.0
34,top60%,7,c6739e51,reind_c673,0.8457,-5.0
34,top60%,8,6215172a,reind_6215,0.8406,-5.0
34,top60%,9,ae5b5760,reind_ae5b,0.8384,-5.0
34,top60%,10,f11f0bb5,reind_f11f,0.8276,-5.0
33,top10%,1,6215172a,reind_6215,0.9866,-5.0
33,top10%,2,366289ca,reind_3662,0.9745,-4.9929
33,top10%,3,9cd9b29f,reind_9cd9,0.9681,-4.9923
33,top10%,4,5c8683b2,reind_5c86,0.9634,-5.0
33,top10%,5,637c6766,reind_637c,0.9297,-4.9936
33,top10%,6,a0fcabaf,reind_a0fc,0.9212,-5.0
33,top10%,7,64527318,reind_6452,0.8633,-4.9931
33,top10%,8,a5faab0b,reind_a5fa,0.8496,-5.0
33,top20%,1,6215172a,reind_6215,0.9866,-5.0
33,top20%,2,366289ca,reind_3662,0.9745,-4.9929
33,top20%,3,9cd9b29f,reind_9cd9,0.9681,-4.9923
33,top20%,4,5c8683b2,reind_5c86,0.9634,-5.0
33,top20%,5,637c6766,reind_637c,0.9297,-4.9936
33,top20%,6,a0fcabaf,reind_a0fc,0.9212,-5.0
33,top20%,7,64527318,reind_6452,0.8633,-4.9931
33,top20%,8,a5faab0b,reind_a5fa,0.8496,-5.0
33,top20%,9,c190390d,reind_c190,0.8441,-5.0
33,top20%,10,ae5b5760,reind_ae5b,0.8431,-5.0
33,top50%,1,6215172a,reind_6215,0.9866,-5.0
33,top50%,2,366289ca,reind_3662,0.9745,-4.9929
33,top50%,3,9cd9b29f,reind_9cd9,0.9681,-4.9923
33,top50%,4,5c8683b2,reind_5c86,0.9634,-5.0
33,top50%,5,637c6766,reind_637c,0.9297,-4.9936
33,top50%,6,a0fcabaf,reind_a0fc,0.9212,-5.0
33,top50%,7,64527318,reind_6452,0.8633,-4.9931
33,top50%,8,a5faab0b,reind_a5fa,0.8496,-5.0
33,top50%,9,c190390d,reind_c190,0.8441,-5.0
33,top50%,10,ae5b5760,reind_ae5b,0.8431,-5.0
33,top60%,1,6215172a,reind_6215,0.9866,-5.0
33,top60%,2,366289ca,reind_3662,0.9745,-4.9929
33,top60%,3,9cd9b29f,reind_9cd9,0.9681,-4.9923
33,top60%,4,5c8683b2,reind_5c86,0.9634,-5.0
33,top60%,5,637c6766,reind_637c,0.9297,-4.9936
33,top60%,6,a0fcabaf,reind_a0fc,0.9212,-5.0
33,top60%,7,64527318,reind_6452,0.8633,-4.9931
33,top60%,8,a5faab0b,reind_a5fa,0.8496,-5.0
33,top60%,9,c190390d,reind_c190,0.8441,-5.0
33,top60%,10,ae5b5760,reind_ae5b,0.8431,-5.0
36,top10%,1,5c8683b2,reind_5c86,0.9841,-5.0
36,top10%,2,637c6766,reind_637c,0.9594,-4.9936
36,top10%,3,9cd9b29f,reind_9cd9,0.9411,-4.9923
36,top10%,4,64527318,reind_6452,0.9044,-4.9931
36,top10%,5,ae5b5760,reind_ae5b,0.8407,-5.0
36,top10%,6,6215172a,reind_6215,0.8173,-5.0
36,top10%,7,366289ca,reind_3662,0.7998,-4.9929
36,top10%,8,77b961ff,reind_77b9,0.7912,-4.9889
36,top20%,1,5c8683b2,reind_5c86,0.9841,-5.0
36,top20%,2,637c6766,reind_637c,0.9594,-4.9936
36,top20%,3,9cd9b29f,reind_9cd9,0.9411,-4.9923
36,top20%,4,64527318,reind_6452,0.9044,-4.9931
36,top20%,5,ae5b5760,reind_ae5b,0.8407,-5.0
36,top20%,6,6215172a,reind_6215,0.8173,-5.0
36,top20%,7,366289ca,reind_3662,0.7998,-4.9929
36,top20%,8,77b961ff,reind_77b9,0.7912,-4.9889
36,top20%,9,05eed594,reind_fallback,0.7885,-5.0
36,top20%,10,a0fcabaf,reind_a0fc,0.7781,-5.0
36,top50%,1,5c8683b2,reind_5c86,0.9841,-5.0
36,top50%,2,637c6766,reind_637c,0.9594,-4.9936
36,top50%,3,9cd9b29f,reind_9cd9,0.9411,-4.9923
36,top50%,4,64527318,reind_6452,0.9044,-4.9931
36,top50%,5,ae5b5760,reind_ae5b,0.8407,-5.0
36,top50%,6,6215172a,reind_6215,0.8173,-5.0
36,top50%,7,366289ca,reind_3662,0.7998,-4.9929
36,top50%,8,77b961ff,reind_77b9,0.7912,-4.9889
36,top50%,9,05eed594,reind_fallback,0.7885,-5.0
36,top50%,10,a0fcabaf,reind_a0fc,0.7781,-5.0
36,top60%,1,5c8683b2,reind_5c86,0.9841,-5.0
36,top60%,2,637c6766,reind_637c,0.9594,-4.9936
36,top60%,3,9cd9b29f,reind_9cd9,0.9411,-4.9923
36,top60%,4,64527318,reind_6452,0.9044,-4.9931
36,top60%,5,ae5b5760,reind_ae5b,0.8407,-5.0
36,top60%,6,6215172a,reind_6215,0.8173,-5.0
36,top60%,7,366289ca,reind_3662,0.7998,-4.9929
36,top60%,8,77b961ff,reind_77b9,0.7912,-4.9889
36,top60%,9,05eed594,reind_fallback,0.7885,-5.0
36,top60%,10,a0fcabaf,reind_a0fc,0.7781,-5.0
35,top10%,1,5c8683b2,reind_5c86,0.9776,-5.0
35,top10%,2,637c6766,reind_637c,0.9496,-4.9936
35,top10%,3,64527318,reind_6452,0.8903,-4.9931
35,top10%,4,ae5b5760,reind_ae5b,0.8431,-5.0
35,top10%,5,6215172a,reind_6215,0.8252,-5.0
35,top10%,6,366289ca,reind_3662,0.8096,-4.9929
35,top10%,7,9cd9b29f,reind_9cd9,0.8017,-4.9923
35,top10%,8,77b961ff,reind_77b9,0.7971,-4.9889
35,top20%,1,5c8683b2,reind_5c86,0.9776,-5.0
35,top20%,2,637c6766,reind_637c,0.9496,-4.9936
35,top20%,3,64527318,reind_6452,0.8903,-4.9931
35,top20%,4,ae5b5760,reind_ae5b,0.8431,-5.0
35,top20%,5,6215172a,reind_6215,0.8252,-5.0
35,top20%,6,366289ca,reind_3662,0.8096,-4.9929
35,top20%,7,9cd9b29f,reind_9cd9,0.8017,-4.9923
35,top20%,8,77b961ff,reind_77b9,0.7971,-4.9889
35,top20%,9,05eed594,reind_fallback,0.7885,-5.0
35,top20%,10,4f156c9f,reind_fallback,0.7748,-5.0
35,top50%,1,5c8683b2,reind_5c86,0.9776,-5.0
35,top50%,2,637c6766,reind_637c,0.9496,-4.9936
35,top50%,3,64527318,reind_6452,0.8903,-4.9931
35,top50%,4,ae5b5760,reind_ae5b,0.8431,-5.0
35,top50%,5,6215172a,reind_6215,0.8252,-5.0
35,top50%,6,366289ca,reind_3662,0.8096,-4.9929
35,top50%,7,9cd9b29f,reind_9cd9,0.8017,-4.9923
35,top50%,8,77b961ff,reind_77b9,0.7971,-4.9889
35,top50%,9,05eed594,reind_fallback,0.7885,-5.0
35,top50%,10,4f156c9f,reind_fallback,0.7748,-5.0
35,top60%,1,5c8683b2,reind_5c86,0.9776,-5.0
35,top60%,2,637c6766,reind_637c,0.9496,-4.9936
35,top60%,3,64527318,reind_6452,0.8903,-4.9931
35,top60%,4,ae5b5760,reind_ae5b,0.8431,-5.0
35,top60%,5,6215172a,reind_6215,0.8252,-5.0
35,top60%,6,366289ca,reind_3662,0.8096,-4.9929
35,top60%,7,9cd9b29f,reind_9cd9,0.8017,-4.9923
35,top60%,8,77b961ff,reind_77b9,0.7971,-4.9889
35,top60%,9,05eed594,reind_fallback,0.7885,-5.0
35,top60%,10,4f156c9f,reind_fallback,0.7748,-5.0
37,top10%,1,5c8683b2,reind_5c86,0.9941,-5.0
37,top10%,2,637c6766,reind_637c,0.9767,-4.9936
37,top10%,3,64527318,reind_6452,0.9313,-4.9931
37,top10%,4,9cd9b29f,reind_9cd9,0.9159,-4.9923
37,top10%,5,c6739e51,reind_c673,0.8428,-5.0
37,top10%,6,ae5b5760,reind_ae5b,0.8421,-5.0
37,top10%,7,6215172a,reind_6215,0.7974,-5.0
37,top10%,8,77b961ff,reind_77b9,0.7946,-4.9889
37,top20%,1,5c8683b2,reind_5c86,0.9941,-5.0
37,top20%,2,637c6766,reind_637c,0.9767,-4.9936
37,top20%,3,64527318,reind_6452,0.9313,-4.9931
37,top20%,4,9cd9b29f,reind_9cd9,0.9159,-4.9923
37,top20%,5,c6739e51,reind_c673,0.8428,-5.0
37,top20%,6,ae5b5760,reind_ae5b,0.8421,-5.0
37,top20%,7,6215172a,reind_6215,0.7974,-5.0
37,top20%,8,77b961ff,reind_77b9,0.7946,-4.9889
37,top20%,9,05eed594,reind_fallback,0.7885,-5.0
37,top20%,10,366289ca,reind_3662,0.7761,-4.9929
37,top50%,1,5c8683b2,reind_5c86,0.9941,-5.0
37,top50%,2,637c6766,reind_637c,0.9767,-4.9936
37,top50%,3,64527318,reind_6452,0.9313,-4.9931
37,top50%,4,9cd9b29f,reind_9cd9,0.9159,-4.9923
37,top50%,5,c6739e51,reind_c673,0.8428,-5.0
37,top50%,6,ae5b5760,reind_ae5b,0.8421,-5.0
37,top50%,7,6215172a,reind_6215,0.7974,-5.0
37,top50%,8,77b961ff,reind_77b9,0.7946,-4.9889
37,top50%,9,05eed594,reind_fallback,0.7885,-5.0
37,top50%,10,366289ca,reind_3662,0.7761,-4.9929
37,top60%,1,5c8683b2,reind_5c86,0.9941,-5.0
37,top60%,2,637c6766,reind_637c,0.9767,-4.9936
37,top60%,3,64527318,reind_6452,0.9313,-4.9931
37,top60%,4,9cd9b29f,reind_9cd9,0.9159,-4.9923
37,top60%,5,c6739e51,reind_c673,0.8428,-5.0
37,top60%,6,ae5b5760,reind_ae5b,0.8421,-5.0
37,top60%,7,6215172a,reind_6215,0.7974,-5.0
37,top60%,8,77b961ff,reind_77b9,0.7946,-4.9889
37,top60%,9,05eed594,reind_fallback,0.7885,-5.0
37,top60%,10,366289ca,reind_3662,0.7761,-4.9929
39,top10%,1,637c6766,reind_637c,1.0,-4.9936
39,top10%,2,9b6a2466,policy_0_9b6a,0.8489,-4.9931
39,top10%,3,c190390d,reind_c190,0.848,-5.0
39,top10%,4,ae5b5760,reind_ae5b,0.8474,-5.0
39,top10%,5,eeced638,reind_eece,0.8468,-5.0
39,top10%,6,5c8683b2,reind_5c86,0.8448,-5.0
39,top10%,7,64527318,reind_6452,0.8362,-4.9931
39,top10%,8,c6739e51,reind_c673,0.8351,-5.0
39,top20%,1,637c6766,reind_637c,1.0,-4.9936
39,top20%,2,9b6a2466,policy_0_9b6a,0.8489,-4.9931
39,top20%,3,c190390d,reind_c190,0.848,-5.0
39,top20%,4,ae5b5760,reind_ae5b,0.8474,-5.0
39,top20%,5,eeced638,reind_eece,0.8468,-5.0
39,top20%,6,5c8683b2,reind_5c86,0.8448,-5.0
39,top20%,7,64527318,reind_6452,0.8362,-4.9931
39,top20%,8,c6739e51,reind_c673,0.8351,-5.0
39,top20%,9,366289ca,reind_3662,0.8339,-4.9929
39,top20%,10,f11f0bb5,reind_f11f,0.8276,-5.0
39,top50%,1,637c6766,reind_637c,1.0,-4.9936
39,top50%,2,9b6a2466,policy_0_9b6a,0.8489,-4.9931
39,top50%,3,c190390d,reind_c190,0.848,-5.0
39,top50%,4,ae5b5760,reind_ae5b,0.8474,-5.0
39,top50%,5,eeced638,reind_eece,0.8468,-5.0
39,top50%,6,5c8683b2,reind_5c86,0.8448,-5.0
39,top50%,7,64527318,reind_6452,0.8362,-4.9931
39,top50%,8,c6739e51,reind_c673,0.8351,-5.0
39,top50%,9,366289ca,reind_3662,0.8339,-4.9929
39,top50%,10,f11f0bb5,reind_f11f,0.8276,-5.0
39,top60%,1,637c6766,reind_637c,1.0,-4.9936
39,top60%,2,9b6a2466,policy_0_9b6a,0.8489,-4.9931
39,top60%,3,c190390d,reind_c190,0.848,-5.0
39,top60%,4,ae5b5760,reind_ae5b,0.8474,-5.0
39,top60%,5,eeced638,reind_eece,0.8468,-5.0
39,top60%,6,5c8683b2,reind_5c86,0.8448,-5.0
39,top60%,7,64527318,reind_6452,0.8362,-4.9931
39,top60%,8,c6739e51,reind_c673,0.8351,-5.0
39,top60%,9,366289ca,reind_3662,0.8339,-4.9929
39,top60%,10,f11f0bb5,reind_f11f,0.8276,-5.0
38,top10%,1,5c8683b2,reind_5c86,0.996,-5.0
38,top10%,2,637c6766,reind_637c,0.9806,-4.9936
38,top10%,3,64527318,reind_6452,0.938,-4.9931
38,top10%,4,366289ca,reind_3662,0.9189,-4.9929
38,top10%,5,9cd9b29f,reind_9cd9,0.9083,-4.9923
38,top10%,6,ae5b5760,reind_ae5b,0.8437,-5.0
38,top10%,7,c6739e51,reind_c673,0.8412,-5.0
38,top10%,8,77b961ff,reind_77b9,0.7988,-4.9889
38,top20%,1,5c8683b2,reind_5c86,0.996,-5.0
38,top20%,2,637c6766,reind_637c,0.9806,-4.9936
38,top20%,3,64527318,reind_6452,0.938,-4.9931
38,top20%,4,366289ca,reind_3662,0.9189,-4.9929
38,top20%,5,9cd9b29f,reind_9cd9,0.9083,-4.9923
38,top20%,6,ae5b5760,reind_ae5b,0.8437,-5.0
38,top20%,7,c6739e51,reind_c673,0.8412,-5.0
38,top20%,8,77b961ff,reind_77b9,0.7988,-4.9889
38,top20%,9,6215172a,reind_6215,0.7912,-5.0
38,top20%,10,05eed594,reind_fallback,0.7885,-5.0
38,top50%,1,5c8683b2,reind_5c86,0.996,-5.0
38,top50%,2,637c6766,reind_637c,0.9806,-4.9936
38,top50%,3,64527318,reind_6452,0.938,-4.9931
38,top50%,4,366289ca,reind_3662,0.9189,-4.9929
38,top50%,5,9cd9b29f,reind_9cd9,0.9083,-4.9923
38,top50%,6,ae5b5760,reind_ae5b,0.8437,-5.0
38,top50%,7,c6739e51,reind_c673,0.8412,-5.0
38,top50%,8,77b961ff,reind_77b9,0.7988,-4.9889
38,top50%,9,6215172a,reind_6215,0.7912,-5.0
38,top50%,10,05eed594,reind_fallback,0.7885,-5.0
38,top60%,1,5c8683b2,reind_5c86,0.996,-5.0
38,top60%,2,637c6766,reind_637c,0.9806,-4.9936
38,top60%,3,64527318,reind_6452,0.938,-4.9931
38,top60%,4,366289ca,reind_3662,0.9189,-4.9929
38,top60%,5,9cd9b29f,reind_9cd9,0.9083,-4.9923
38,top60%,6,ae5b5760,reind_ae5b,0.8437,-5.0
38,top60%,7,c6739e51,reind_c673,0.8412,-5.0
38,top60%,8,77b961ff,reind_77b9,0.7988,-4.9889
38,top60%,9,6215172a,reind_6215,0.7912,-5.0
38,top60%,10,05eed594,reind_fallback,0.7885,-5.0
40,top10%,1,5c8683b2,reind_5c86,0.99,-5.0
40,top10%,2,637c6766,reind_637c,0.9692,-4.9936
40,top10%,3,366289ca,reind_3662,0.9377,-4.9929
40,top10%,4,9cd9b29f,reind_9cd9,0.9282,-4.9923
40,top10%,5,64527318,reind_6452,0.9192,-4.9931
40,top10%,6,f11f0bb5,reind_f11f,0.9009,-5.0
40,top10%,7,8231da93,reind_8231,0.8862,-4.9926
40,top10%,8,a5faab0b,reind_a5fa,0.8492,-5.0
40,top20%,1,5c8683b2,reind_5c86,0.99,-5.0
40,top20%,2,637c6766,reind_637c,0.9692,-4.9936
40,top20%,3,366289ca,reind_3662,0.9377,-4.9929
40,top20%,4,9cd9b29f,reind_9cd9,0.9282,-4.9923
40,top20%,5,64527318,reind_6452,0.9192,-4.9931
40,top20%,6,f11f0bb5,reind_f11f,0.9009,-5.0
40,top20%,7,8231da93,reind_8231,0.8862,-4.9926
40,top20%,8,a5faab0b,reind_a5fa,0.8492,-5.0
40,top20%,9,c190390d,reind_c190,0.8492,-5.0
40,top20%,10,ae5b5760,reind_ae5b,0.8487,-5.0
40,top50%,1,5c8683b2,reind_5c86,0.99,-5.0
40,top50%,2,637c6766,reind_637c,0.9692,-4.9936
40,top50%,3,366289ca,reind_3662,0.9377,-4.9929
40,top50%,4,9cd9b29f,reind_9cd9,0.9282,-4.9923
40,top50%,5,64527318,reind_6452,0.9192,-4.9931
40,top50%,6,f11f0bb5,reind_f11f,0.9009,-5.0
40,top50%,7,8231da93,reind_8231,0.8862,-4.9926
40,top50%,8,a5faab0b,reind_a5fa,0.8492,-5.0
40,top50%,9,c190390d,reind_c190,0.8492,-5.0
40,top50%,10,ae5b5760,reind_ae5b,0.8487,-5.0
40,top60%,1,5c8683b2,reind_5c86,0.99,-5.0
40,top60%,2,637c6766,reind_637c,0.9692,-4.9936
40,top60%,3,366289ca,reind_3662,0.9377,-4.9929
40,top60%,4,9cd9b29f,reind_9cd9,0.9282,-4.9923
40,top60%,5,64527318,reind_6452,0.9192,-4.9931
40,top60%,6,f11f0bb5,reind_f11f,0.9009,-5.0
40,top60%,7,8231da93,reind_8231,0.8862,-4.9926
40,top60%,8,a5faab0b,reind_a5fa,0.8492,-5.0
40,top60%,9,c190390d,reind_c190,0.8492,-5.0
40,top60%,10,ae5b5760,reind_ae5b,0.8487,-5.0
41,top10%,1,637c6766,reind_637c,0.9975,-4.9936
41,top10%,2,a5faab0b,reind_a5fa,0.9972,-5.0
41,top10%,3,c6739e51,reind_c673,0.9736,-5.0
41,top10%,4,f11f0bb5,reind_f11f,0.9623,-5.0
41,top10%,5,6215172a,reind_6215,0.8932,-5.0
41,top10%,6,a0fcabaf,reind_a0fc,0.8787,-5.0
41,top10%,7,8231da93,reind_8231,0.8702,-4.9926
41,top10%,8,366289ca,reind_3662,0.8651,-4.9929
41,top20%,1,637c6766,reind_637c,0.9975,-4.9936
41,top20%,2,a5faab0b,reind_a5fa,0.9972,-5.0
41,top20%,3,c6739e51,reind_c673,0.9736,-5.0
41,top20%,4,f11f0bb5,reind_f11f,0.9623,-5.0
41,top20%,5,6215172a,reind_6215,0.8932,-5.0
41,top20%,6,a0fcabaf,reind_a0fc,0.8787,-5.0
41,top20%,7,8231da93,reind_8231,0.8702,-4.9926
41,top20%,8,366289ca,reind_3662,0.8651,-4.9929
41,top20%,9,9cd9b29f,reind_9cd9,0.8522,-4.9923
41,top20%,10,c190390d,reind_c190,0.85,-5.0
41,top50%,1,637c6766,reind_637c,0.9975,-4.9936
41,top50%,2,a5faab0b,reind_a5fa,0.9972,-5.0
41,top50%,3,c6739e51,reind_c673,0.9736,-5.0
41,top50%,4,f11f0bb5,reind_f11f,0.9623,-5.0
41,top50%,5,6215172a,reind_6215,0.8932,-5.0
41,top50%,6,a0fcabaf,reind_a0fc,0.8787,-5.0
41,top50%,7,8231da93,reind_8231,0.8702,-4.9926
41,top50%,8,366289ca,reind_3662,0.8651,-4.9929
41,top50%,9,9cd9b29f,reind_9cd9,0.8522,-4.9923
41,top50%,10,c190390d,reind_c190,0.85,-5.0
41,top60%,1,637c6766,reind_637c,0.9975,-4.9936
41,top60%,2,a5faab0b,reind_a5fa,0.9972,-5.0
41,top60%,3,c6739e51,reind_c673,0.9736,-5.0
41,top60%,4,f11f0bb5,reind_f11f,0.9623,-5.0
41,top60%,5,6215172a,reind_6215,0.8932,-5.0
41,top60%,6,a0fcabaf,reind_a0fc,0.8787,-5.0
41,top60%,7,8231da93,reind_8231,0.8702,-4.9926
41,top60%,8,366289ca,reind_3662,0.8651,-4.9929
41,top60%,9,9cd9b29f,reind_9cd9,0.8522,-4.9923
41,top60%,10,c190390d,reind_c190,0.85,-5.0
42,top10%,1,1999ea44,reind_1999,0.9986,-5.0
42,top10%,2,a5faab0b,reind_a5fa,0.9878,-5.0
42,top10%,3,637c6766,reind_637c,0.9869,-4.9936
42,top10%,4,c6739e51,reind_c673,0.9521,-5.0
42,top10%,5,f11f0bb5,reind_f11f,0.9343,-5.0
42,top10%,6,6215172a,reind_6215,0.929,-5.0
42,top10%,7,366289ca,reind_3662,0.905,-4.9929
42,top10%,8,9cd9b29f,reind_9cd9,0.8937,-4.9923
42,top20%,1,1999ea44,reind_1999,0.9986,-5.0
42,top20%,2,a5faab0b,reind_a5fa,0.9878,-5.0
42,top20%,3,637c6766,reind_637c,0.9869,-4.9936
42,top20%,4,c6739e51,reind_c673,0.9521,-5.0
42,top20%,5,f11f0bb5,reind_f11f,0.9343,-5.0
42,top20%,6,6215172a,reind_6215,0.929,-5.0
42,top20%,7,366289ca,reind_3662,0.905,-4.9929
42,top20%,8,9cd9b29f,reind_9cd9,0.8937,-4.9923
42,top20%,9,6d57537a,reind_6d57,0.8498,-5.0
42,top20%,10,5c8683b2,reind_5c86,0.8486,-5.0
42,top50%,1,1999ea44,reind_1999,0.9986,-5.0
42,top50%,2,a5faab0b,reind_a5fa,0.9878,-5.0
42,top50%,3,637c6766,reind_637c,0.9869,-4.9936
42,top50%,4,c6739e51,reind_c673,0.9521,-5.0
42,top50%,5,f11f0bb5,reind_f11f,0.9343,-5.0
42,top50%,6,6215172a,reind_6215,0.929,-5.0
42,top50%,7,366289ca,reind_3662,0.905,-4.9929
42,top50%,8,9cd9b29f,reind_9cd9,0.8937,-4.9923
42,top50%,9,6d57537a,reind_6d57,0.8498,-5.0
42,top50%,10,5c8683b2,reind_5c86,0.8486,-5.0
42,top60%,1,1999ea44,reind_1999,0.9986,-5.0
42,top60%,2,a5faab0b,reind_a5fa,0.9878,-5.0
42,top60%,3,637c6766,reind_637c,0.9869,-4.9936
42,top60%,4,c6739e51,reind_c673,0.9521,-5.0
42,top60%,5,f11f0bb5,reind_f11f,0.9343,-5.0
42,top60%,6,6215172a,reind_6215,0.929,-5.0
42,top60%,7,366289ca,reind_3662,0.905,-4.9929
42,top60%,8,9cd9b29f,reind_9cd9,0.8937,-4.9923
42,top60%,9,6d57537a,reind_6d57,0.8498,-5.0
42,top60%,10,5c8683b2,reind_5c86,0.8486,-5.0
44,top10%,1,6215172a,reind_6215,0.9999,-5.0
44,top10%,2,366289ca,reind_3662,0.9987,-4.9929
44,top10%,3,9cd9b29f,reind_9cd9,0.9969,-4.9923
44,top10%,4,1999ea44,reind_1999,0.9758,-5.0
44,top10%,5,a5faab0b,reind_a5fa,0.9483,-5.0
44,top10%,6,9b6a2466,policy_0_9b6a,0.9386,-4.9931
44,top10%,7,5c8683b2,reind_5c86,0.9039,-5.0
44,top10%,8,d85e5094,reind_d85e,0.8998,-5.0
44,top20%,1,6215172a,reind_6215,0.9999,-5.0
44,top20%,2,366289ca,reind_3662,0.9987,-4.9929
44,top20%,3,9cd9b29f,reind_9cd9,0.9969,-4.9923
44,top20%,4,1999ea44,reind_1999,0.9758,-5.0
44,top20%,5,a5faab0b,reind_a5fa,0.9483,-5.0
44,top20%,6,9b6a2466,policy_0_9b6a,0.9386,-4.9931
44,top20%,7,5c8683b2,reind_5c86,0.9039,-5.0
44,top20%,8,d85e5094,reind_d85e,0.8998,-5.0
44,top20%,9,c6739e51,reind_c673,0.8901,-5.0
44,top20%,10,637c6766,reind_637c,0.8556,-4.9936
44,top50%,1,6215172a,reind_6215,0.9999,-5.0
44,top50%,2,366289ca,reind_3662,0.9987,-4.9929
44,top50%,3,9cd9b29f,reind_9cd9,0.9969,-4.9923
44,top50%,4,1999ea44,reind_1999,0.9758,-5.0
44,top50%,5,a5faab0b,reind_a5fa,0.9483,-5.0
44,top50%,6,9b6a2466,policy_0_9b6a,0.9386,-4.9931
44,top50%,7,5c8683b2,reind_5c86,0.9039,-5.0
44,top50%,8,d85e5094,reind_d85e,0.8998,-5.0
44,top50%,9,c6739e51,reind_c673,0.8901,-5.0
44,top50%,10,637c6766,reind_637c,0.8556,-4.9936
44,top60%,1,6215172a,reind_6215,0.9999,-5.0
44,top60%,2,366289ca,reind_3662,0.9987,-4.9929
44,top60%,3,9cd9b29f,reind_9cd9,0.9969,-4.9923
44,top60%,4,1999ea44,reind_1999,0.9758,-5.0
44,top60%,5,a5faab0b,reind_a5fa,0.9483,-5.0
44,top60%,6,9b6a2466,policy_0_9b6a,0.9386,-4.9931
44,top60%,7,5c8683b2,reind_5c86,0.9039,-5.0
44,top60%,8,d85e5094,reind_d85e,0.8998,-5.0
44,top60%,9,c6739e51,reind_c673,0.8901,-5.0
44,top60%,10,637c6766,reind_637c,0.8556,-4.9936
43,top10%,1,1999ea44,reind_1999,0.9854,-5.0
43,top10%,2,637c6766,reind_637c,0.9839,-4.9936
43,top10%,3,a5faab0b,reind_a5fa,0.9626,-5.0
43,top10%,4,6215172a,reind_6215,0.9353,-5.0
43,top10%,5,f11f0bb5,reind_f11f,0.9281,-5.0
43,top10%,6,366289ca,reind_3662,0.9121,-4.9929
43,top10%,7,c6739e51,reind_c673,0.9106,-5.0
43,top10%,8,9cd9b29f,reind_9cd9,0.9011,-4.9923
43,top20%,1,1999ea44,reind_1999,0.9854,-5.0
43,top20%,2,637c6766,reind_637c,0.9839,-4.9936
43,top20%,3,a5faab0b,reind_a5fa,0.9626,-5.0
43,top20%,4,6215172a,reind_6215,0.9353,-5.0
43,top20%,5,f11f0bb5,reind_f11f,0.9281,-5.0
43,top20%,6,366289ca,reind_3662,0.9121,-4.9929
43,top20%,7,c6739e51,reind_c673,0.9106,-5.0
43,top20%,8,9cd9b29f,reind_9cd9,0.9011,-4.9923
43,top20%,9,d85e5094,reind_d85e,0.8784,-5.0
43,top20%,10,77b961ff,reind_77b9,0.8497,-4.9889
43,top50%,1,1999ea44,reind_1999,0.9854,-5.0
43,top50%,2,637c6766,reind_637c,0.9839,-4.9936
43,top50%,3,a5faab0b,reind_a5fa,0.9626,-5.0
43,top50%,4,6215172a,reind_6215,0.9353,-5.0
43,top50%,5,f11f0bb5,reind_f11f,0.9281,-5.0
43,top50%,6,366289ca,reind_3662,0.9121,-4.9929
43,top50%,7,c6739e51,reind_c673,0.9106,-5.0
43,top50%,8,9cd9b29f,reind_9cd9,0.9011,-4.9923
43,top50%,9,d85e5094,reind_d85e,0.8784,-5.0
43,top50%,10,77b961ff,reind_77b9,0.8497,-4.9889
43,top60%,1,1999ea44,reind_1999,0.9854,-5.0
43,top60%,2,637c6766,reind_637c,0.9839,-4.9936
43,top60%,3,a5faab0b,reind_a5fa,0.9626,-5.0
43,top60%,4,6215172a,reind_6215,0.9353,-5.0
43,top60%,5,f11f0bb5,reind_f11f,0.9281,-5.0
43,top60%,6,366289ca,reind_3662,0.9121,-4.9929
43,top60%,7,c6739e51,reind_c673,0.9106,-5.0
43,top60%,8,9cd9b29f,reind_9cd9,0.9011,-4.9923
43,top60%,9,d85e5094,reind_d85e,0.8784,-5.0
43,top60%,10,77b961ff,reind_77b9,0.8497,-4.9889
47,top10%,1,366289ca,reind_3662,0.9996,-4.9929
47,top10%,2,9b6a2466,policy_0_9b6a,0.9969,-4.9931
47,top10%,3,a0fcabaf,reind_a0fc,0.9488,-5.0
47,top10%,4,8231da93,reind_8231,0.9428,-4.9926
47,top10%,5,5c8683b2,reind_5c86,0.8938,-5.0
47,top10%,6,3462cfab,reind_3462,0.8727,-5.0
47,top10%,7,6215172a,reind_6215,0.8493,-5.0
47,top10%,8,c6739e51,reind_c673,0.8489,-5.0
47,top20%,1,366289ca,reind_3662,0.9996,-4.9929
47,top20%,2,9b6a2466,policy_0_9b6a,0.9969,-4.9931
47,top20%,3,a0fcabaf,reind_a0fc,0.9488,-5.0
47,top20%,4,8231da93,reind_8231,0.9428,-4.9926
47,top20%,5,5c8683b2,reind_5c86,0.8938,-5.0
47,top20%,6,3462cfab,reind_3462,0.8727,-5.0
47,top20%,7,6215172a,reind_6215,0.8493,-5.0
47,top20%,8,c6739e51,reind_c673,0.8489,-5.0
47,top20%,9,9cd9b29f,reind_9cd9,0.8485,-4.9923
47,top20%,10,abaa97aa,reind_abaa,0.8444,-5.0
47,top50%,1,366289ca,reind_3662,0.9996,-4.9929
47,top50%,2,9b6a2466,policy_0_9b6a,0.9969,-4.9931
47,top50%,3,a0fcabaf,reind_a0fc,0.9488,-5.0
47,top50%,4,8231da93,reind_8231,0.9428,-4.9926
47,top50%,5,5c8683b2,reind_5c86,0.8938,-5.0
47,top50%,6,3462cfab,reind_3462,0.8727,-5.0
47,top50%,7,6215172a,reind_6215,0.8493,-5.0
47,top50%,8,c6739e51,reind_c673,0.8489,-5.0
47,top50%,9,9cd9b29f,reind_9cd9,0.8485,-4.9923
47,top50%,10,abaa97aa,reind_abaa,0.8444,-5.0
47,top60%,1,366289ca,reind_3662,0.9996,-4.9929
47,top60%,2,9b6a2466,policy_0_9b6a,0.9969,-4.9931
47,top60%,3,a0fcabaf,reind_a0fc,0.9488,-5.0
47,top60%,4,8231da93,reind_8231,0.9428,-4.9926
47,top60%,5,5c8683b2,reind_5c86,0.8938,-5.0
47,top60%,6,3462cfab,reind_3462,0.8727,-5.0
47,top60%,7,6215172a,reind_6215,0.8493,-5.0
47,top60%,8,c6739e51,reind_c673,0.8489,-5.0
47,top60%,9,9cd9b29f,reind_9cd9,0.8485,-4.9923
47,top60%,10,abaa97aa,reind_abaa,0.8444,-5.0
45,top10%,1,1999ea44,reind_1999,0.9983,-5.0
45,top10%,2,6215172a,reind_6215,0.9982,-5.0
45,top10%,3,366289ca,reind_3662,0.9925,-4.9929
45,top10%,4,9cd9b29f,reind_9cd9,0.9889,-4.9923
45,top10%,5,a5faab0b,reind_a5fa,0.9869,-5.0
45,top10%,6,9b6a2466,policy_0_9b6a,0.9817,-4.9931
45,top10%,7,c6739e51,reind_c673,0.9505,-5.0
45,top10%,8,5c8683b2,reind_5c86,0.9311,-5.0
45,top20%,1,1999ea44,reind_1999,0.9983,-5.0
45,top20%,2,6215172a,reind_6215,0.9982,-5.0
45,top20%,3,366289ca,reind_3662,0.9925,-4.9929
45,top20%,4,9cd9b29f,reind_9cd9,0.9889,-4.9923
45,top20%,5,a5faab0b,reind_a5fa,0.9869,-5.0
45,top20%,6,9b6a2466,policy_0_9b6a,0.9817,-4.9931
45,top20%,7,c6739e51,reind_c673,0.9505,-5.0
45,top20%,8,5c8683b2,reind_5c86,0.9311,-5.0
45,top20%,9,637c6766,reind_637c,0.8883,-4.9936
45,top20%,10,6d57537a,reind_6d57,0.8499,-5.0
45,top50%,1,1999ea44,reind_1999,0.9983,-5.0
45,top50%,2,6215172a,reind_6215,0.9982,-5.0
45,top50%,3,366289ca,reind_3662,0.9925,-4.9929
45,top50%,4,9cd9b29f,reind_9cd9,0.9889,-4.9923
45,top50%,5,a5faab0b,reind_a5fa,0.9869,-5.0
45,top50%,6,9b6a2466,policy_0_9b6a,0.9817,-4.9931
45,top50%,7,c6739e51,reind_c673,0.9505,-5.0
45,top50%,8,5c8683b2,reind_5c86,0.9311,-5.0
45,top50%,9,637c6766,reind_637c,0.8883,-4.9936
45,top50%,10,6d57537a,reind_6d57,0.8499,-5.0
45,top60%,1,1999ea44,reind_1999,0.9983,-5.0
45,top60%,2,6215172a,reind_6215,0.9982,-5.0
45,top60%,3,366289ca,reind_3662,0.9925,-4.9929
45,top60%,4,9cd9b29f,reind_9cd9,0.9889,-4.9923
45,top60%,5,a5faab0b,reind_a5fa,0.9869,-5.0
45,top60%,6,9b6a2466,policy_0_9b6a,0.9817,-4.9931
45,top60%,7,c6739e51,reind_c673,0.9505,-5.0
45,top60%,8,5c8683b2,reind_5c86,0.9311,-5.0
45,top60%,9,637c6766,reind_637c,0.8883,-4.9936
45,top60%,10,6d57537a,reind_6d57,0.8499,-5.0
46,top10%,1,a5faab0b,reind_a5fa,1.0,-5.0
46,top10%,2,9b6a2466,policy_0_9b6a,0.9996,-4.9931
46,top10%,3,366289ca,reind_3662,0.9994,-4.9929
46,top10%,4,c6739e51,reind_c673,0.9883,-5.0
46,top10%,5,a0fcabaf,reind_a0fc,0.9115,-5.0
46,top10%,6,8231da93,reind_8231,0.904,-4.9926
46,top10%,7,9ab1ea3b,reind_9ab1,0.8987,-5.0
46,top10%,8,5c8683b2,reind_5c86,0.8974,-5.0
46,top20%,1,a5faab0b,reind_a5fa,1.0,-5.0
46,top20%,2,9b6a2466,policy_0_9b6a,0.9996,-4.9931
46,top20%,3,366289ca,reind_3662,0.9994,-4.9929
46,top20%,4,c6739e51,reind_c673,0.9883,-5.0
46,top20%,5,a0fcabaf,reind_a0fc,0.9115,-5.0
46,top20%,6,8231da93,reind_8231,0.904,-4.9926
46,top20%,7,9ab1ea3b,reind_9ab1,0.8987,-5.0
46,top20%,8,5c8683b2,reind_5c86,0.8974,-5.0
46,top20%,9,6215172a,reind_6215,0.8496,-5.0
46,top20%,10,9cd9b29f,reind_9cd9,0.8481,-4.9923
46,top50%,1,a5faab0b,reind_a5fa,1.0,-5.0
46,top50%,2,9b6a2466,policy_0_9b6a,0.9996,-4.9931
46,top50%,3,366289ca,reind_3662,0.9994,-4.9929
46,top50%,4,c6739e51,reind_c673,0.9883,-5.0
46,top50%,5,a0fcabaf,reind_a0fc,0.9115,-5.0
46,top50%,6,8231da93,reind_8231,0.904,-4.9926
46,top50%,7,9ab1ea3b,reind_9ab1,0.8987,-5.0
46,top50%,8,5c8683b2,reind_5c86,0.8974,-5.0
46,top50%,9,6215172a,reind_6215,0.8496,-5.0
46,top50%,10,9cd9b29f,reind_9cd9,0.8481,-4.9923
46,top60%,1,a5faab0b,reind_a5fa,1.0,-5.0
46,top60%,2,9b6a2466,policy_0_9b6a,0.9996,-4.9931
46,top60%,3,366289ca,reind_3662,0.9994,-4.9929
46,top60%,4,c6739e51,reind_c673,0.9883,-5.0
46,top60%,5,a0fcabaf,reind_a0fc,0.9115,-5.0
46,top60%,6,8231da93,reind_8231,0.904,-4.9926
46,top60%,7,9ab1ea3b,reind_9ab1,0.8987,-5.0
46,top60%,8,5c8683b2,reind_5c86,0.8974,-5.0
46,top60%,9,6215172a,reind_6215,0.8496,-5.0
46,top60%,10,9cd9b29f,reind_9cd9,0.8481,-4.9923
48,top10%,1,a0fcabaf,reind_a0fc,0.9867,-5.0
48,top10%,2,5c8683b2,reind_5c86,0.8622,-5.0
48,top10%,3,9cd9b29f,reind_9cd9,0.8499,-4.9923
48,top10%,4,366289ca,reind_3662,0.849,-4.9929
48,top10%,5,6215172a,reind_6215,0.8443,-5.0
48,top10%,6,c6739e51,reind_c673,0.8436,-5.0
48,top10%,7,8231da93,reind_8231,0.8335,-4.9926
48,top10%,8,9ab1ea3b,reind_9ab1,0.8312,-5.0
48,top20%,1,a0fcabaf,reind_a0fc,0.9867,-5.0
48,top20%,2,5c8683b2,reind_5c86,0.8622,-5.0
48,top20%,3,9cd9b29f,reind_9cd9,0.8499,-4.9923
48,top20%,4,366289ca,reind_3662,0.849,-4.9929
48,top20%,5,6215172a,reind_6215,0.8443,-5.0
48,top20%,6,c6739e51,reind_c673,0.8436,-5.0
48,top20%,7,8231da93,reind_8231,0.8335,-4.9926
48,top20%,8,9ab1ea3b,reind_9ab1,0.8312,-5.0
48,top20%,9,9b6a2466,policy_0_9b6a,0.8217,-4.9931
48,top20%,10,a5faab0b,reind_a5fa,0.8143,-5.0
48,top50%,1,a0fcabaf,reind_a0fc,0.9867,-5.0
48,top50%,2,5c8683b2,reind_5c86,0.8622,-5.0
48,top50%,3,9cd9b29f,reind_9cd9,0.8499,-4.9923
48,top50%,4,366289ca,reind_3662,0.849,-4.9929
48,top50%,5,6215172a,reind_6215,0.8443,-5.0
48,top50%,6,c6739e51,reind_c673,0.8436,-5.0
48,top50%,7,8231da93,reind_8231,0.8335,-4.9926
48,top50%,8,9ab1ea3b,reind_9ab1,0.8312,-5.0
48,top50%,9,9b6a2466,policy_0_9b6a,0.8217,-4.9931
48,top50%,10,a5faab0b,reind_a5fa,0.8143,-5.0
48,top60%,1,a0fcabaf,reind_a0fc,0.9867,-5.0
48,top60%,2,5c8683b2,reind_5c86,0.8622,-5.0
48,top60%,3,9cd9b29f,reind_9cd9,0.8499,-4.9923
48,top60%,4,366289ca,reind_3662,0.849,-4.9929
48,top60%,5,6215172a,reind_6215,0.8443,-5.0
48,top60%,6,c6739e51,reind_c673,0.8436,-5.0
48,top60%,7,8231da93,reind_8231,0.8335,-4.9926
48,top60%,8,9ab1ea3b,reind_9ab1,0.8312,-5.0
48,top60%,9,9b6a2466,policy_0_9b6a,0.8217,-4.9931
48,top60%,10,a5faab0b,reind_a5fa,0.8143,-5.0
49,top10%,1,5c8683b2,reind_5c86,0.8796,-5.0
49,top10%,2,366289ca,reind_3662,0.85,-4.9929
49,top10%,3,9cd9b29f,reind_9cd9,0.8498,-4.9923
49,top10%,4,6215172a,reind_6215,0.8476,-5.0
49,top10%,5,c6739e51,reind_c673,0.8451,-5.0
49,top10%,6,a0fcabaf,reind_a0fc,0.8343,-5.0
49,top10%,7,8231da93,reind_8231,0.8309,-4.9926
49,top10%,8,9ab1ea3b,reind_9ab1,0.8283,-5.0
49,top20%,1,5c8683b2,reind_5c86,0.8796,-5.0
49,top20%,2,366289ca,reind_3662,0.85,-4.9929
49,top20%,3,9cd9b29f,reind_9cd9,0.8498,-4.9923
49,top20%,4,6215172a,reind_6215,0.8476,-5.0
49,top20%,5,c6739e51,reind_c673,0.8451,-5.0
49,top20%,6,a0fcabaf,reind_a0fc,0.8343,-5.0
49,top20%,7,8231da93,reind_8231,0.8309,-4.9926
49,top20%,8,9ab1ea3b,reind_9ab1,0.8283,-5.0
49,top20%,9,9b6a2466,policy_0_9b6a,0.8249,-4.9931
49,top20%,10,a5faab0b,reind_a5fa,0.8179,-5.0
49,top50%,1,5c8683b2,reind_5c86,0.8796,-5.0
49,top50%,2,366289ca,reind_3662,0.85,-4.9929
49,top50%,3,9cd9b29f,reind_9cd9,0.8498,-4.9923
49,top50%,4,6215172a,reind_6215,0.8476,-5.0
49,top50%,5,c6739e51,reind_c673,0.8451,-5.0
49,top50%,6,a0fcabaf,reind_a0fc,0.8343,-5.0
49,top50%,7,8231da93,reind_8231,0.8309,-4.9926
49,top50%,8,9ab1ea3b,reind_9ab1,0.8283,-5.0
49,top50%,9,9b6a2466,policy_0_9b6a,0.8249,-4.9931
49,top50%,10,a5faab0b,reind_a5fa,0.8179,-5.0
49,top60%,1,5c8683b2,reind_5c86,0.8796,-5.0
49,top60%,2,366289ca,reind_3662,0.85,-4.9929
49,top60%,3,9cd9b29f,reind_9cd9,0.8498,-4.9923
49,top60%,4,6215172a,reind_6215,0.8476,-5.0
49,top60%,5,c6739e51,reind_c673,0.8451,-5.0
49,top60%,6,a0fcabaf,reind_a0fc,0.8343,-5.0
49,top60%,7,8231da93,reind_8231,0.8309,-4.9926
49,top60%,8,9ab1ea3b,reind_9ab1,0.8283,-5.0
49,top60%,9,9b6a2466,policy_0_9b6a,0.8249,-4.9931
49,top60%,10,a5faab0b,reind_a5fa,0.8179,-5.0
50,top10%,1,5c8683b2,reind_5c86,0.8756,-5.0
50,top10%,2,9cd9b29f,reind_9cd9,0.8499,-4.9923
50,top10%,3,366289ca,reind_3662,0.8499,-4.9929
50,top10%,4,6215172a,reind_6215,0.847,-5.0
50,top10%,5,c6739e51,reind_c673,0.8449,-5.0
50,top10%,6,a0fcabaf,reind_a0fc,0.8346,-5.0
50,top10%,7,8231da93,reind_8231,0.8312,-4.9926
50,top10%,8,9ab1ea3b,reind_9ab1,0.8287,-5.0
50,top20%,1,5c8683b2,reind_5c86,0.8756,-5.0
50,top20%,2,9cd9b29f,reind_9cd9,0.8499,-4.9923
50,top20%,3,366289ca,reind_3662,0.8499,-4.9929
50,top20%,4,6215172a,reind_6215,0.847,-5.0
50,top20%,5,c6739e51,reind_c673,0.8449,-5.0
50,top20%,6,a0fcabaf,reind_a0fc,0.8346,-5.0
50,top20%,7,8231da93,reind_8231,0.8312,-4.9926
50,top20%,8,9ab1ea3b,reind_9ab1,0.8287,-5.0
50,top20%,9,a5faab0b,reind_a5fa,0.8175,-5.0
50,top20%,10,05eed594,reind_fallback,0.7885,-5.0
50,top50%,1,5c8683b2,reind_5c86,0.8756,-5.0
50,top50%,2,9cd9b29f,reind_9cd9,0.8499,-4.9923
50,top50%,3,366289ca,reind_3662,0.8499,-4.9929
50,top50%,4,6215172a,reind_6215,0.847,-5.0
50,top50%,5,c6739e51,reind_c673,0.8449,-5.0
50,top50%,6,a0fcabaf,reind_a0fc,0.8346,-5.0
50,top50%,7,8231da93,reind_8231,0.8312,-4.9926
50,top50%,8,9ab1ea3b,reind_9ab1,0.8287,-5.0
50,top50%,9,a5faab0b,reind_a5fa,0.8175,-5.0
50,top50%,10,05eed594,reind_fallback,0.7885,-5.0
50,top60%,1,5c8683b2,reind_5c86,0.8756,-5.0
50,top60%,2,9cd9b29f,reind_9cd9,0.8499,-4.9923
50,top60%,3,366289ca,reind_3662,0.8499,-4.9929
50,top60%,4,6215172a,reind_6215,0.847,-5.0
50,top60%,5,c6739e51,reind_c673,0.8449,-5.0
50,top60%,6,a0fcabaf,reind_a0fc,0.8346,-5.0
50,top60%,7,8231da93,reind_8231,0.8312,-4.9926
50,top60%,8,9ab1ea3b,reind_9ab1,0.8287,-5.0
50,top60%,9,a5faab0b,reind_a5fa,0.8175,-5.0
50,top60%,10,05eed594,reind_fallback,0.7885,-5.0
